name,macro_gdp_pc_pp,macro_pop,macro_urbanization_rate,macro_prepare_scaleup,macro_borrow_abi,macro_avg_prod_k,macro_T_rebuild_K,macro_pi,macro_income_elast,macro_rho,macro_shareable,macro_max_increased_spending,macro_fa_glofris,macro_protection,macro_tau_tax,n_cat_info__nonpoor,n_cat_info__poor,c_cat_info__nonpoor,c_cat_info__poor,axfin_cat_info__nonpoor,axfin_cat_info__poor,gamma_SP_cat_info__nonpoor,gamma_SP_cat_info__poor,k_cat_info__nonpoor,k_cat_info__poor,fa_cat_info__nonpoor,fa_cat_info__poor,v_cat_info__nonpoor,v_cat_info__poor,shew_cat_info__nonpoor,shew_cat_info__poor,shew_for_hazard_ratio,hazard_ratio_fa__earthquake,hazard_ratio_fa__flood,hazard_ratio_fa__surge,hazard_ratio_fa__tsunami,hazard_ratio_fa__wind,hazard_ratio_flood_poor,ratio_surge_flood,risk,resilience,risk_to_assets,id
Albania,9960.9407258136,2897366,0.57407,0,0.175,0.185279986,3,0.2,1.5,0.06,0.8,0.05,0.0736799394,1,0.1867574269,0.8,0.2,11349.2468394738,4407.7162711725,0.092387,0.07585279,1.0942428983,0.6230284068,61811.7804363313,21560.6685392575,0.0221038146,0.0212231634,0.3515,0.7,0,0,0,0.0030207921,0.0018249672,0,0,0,0.0016661886,0,0.0143006552,0.6905963424,0.0098759802,ALB
Angola,7488.0117598341,21471618,0.4405,0,0.175,0.4323973905,3,0.2,1.5,0.06,0.8,0.05,0.0170328787,1,0.106132304,0.8,0.2,8854.5739060038,2021.7631751552,0.2012691,0.09179081,1.1604757422,0.3580970314,20523.1470606324,4494.5642694278,0.0028141296,0.0124493363,0.6,0.7,0,0,0,4.3127215040719E-005,0.0008172865,0,0,0,0.0042288953,0,0.0047767379,0.3121245205,0.001490937,AGO
Argentina,18087.1962616822,41446246,0.91751,0.7333333333,0.375,0.2695495149,3,0.2,1.5,0.06,0.8,0.05,0.0720578166,1,0.1452812785,0.8,0.2,21573.5033411215,4141.9679439252,0.06037133,0.004365798,1.1711269003,0.3154923987,80282.0253528984,14379.7600918322,0.0085734196,0.0089787445,0.3972539125,0.7,0.64,0.64,0.8,0.0019449751,0.0011183749,0,0,0,0.0012367549,0,0.007756746,0.5673608648,0.0044008741,ARG
Armenia,7526.8364191129,2976566,0.62673,0.4,0.425,0.3666957212,3,0.2,1.5,0.06,0.8,0.05,0.0380005194,1,0.2684700595,0.8,0.2,8583.4160814459,3300.517769781,0.01239363,0.001895716,1.0437676429,0.8249294285,24135.2090633229,6089.7097759223,0.0530804506,0.0529141312,0.2375,0.3,0.32,0.32,0.4,0.0081321502,0.003187132,0,0,0,0.0031418806,0,0.0102816593,0.7076644355,0.0072759646,ARM
Australia,42834.0167597384,23129300,0.89423,0.8,0.9166666667,0.2736023909,3,0.2,1.5,0.06,0.8,0.05,0.0410903678,1,0.1577756,0.8,0.2,49778.481726911,15056.156891048,0.6854684,0.5201536,0.9280760143,1.2876959428,188801.470088903,27572.6733164802,0.003926638,0.0043307733,0.5386,0.7,0.8,0.8,1,1.68602458024871E-005,0.0009087217,0.0002896386,1.40515789385683E-005,3.55150703350514E-005,0.0010049099,0.3187318605,0.0028055555,0.7231064922,0.0020287154,AUS
Austria,44056.254416802,8479823,0.65968,0.8,0.8916666667,0.2322785182,3,0.2,1.5,0.06,0.8,0.05,0.0792192052,1,0.4173859217,0.8,0.2,50411.3691164257,18635.7956183073,0.5678905,0.4380794,1.1189693594,0.5241225622,220464.969658667,66489.8602224865,0.0237342979,0.0254670074,0.2395,0.57,0.8,0.8,1,0.0010887845,0.0012342947,0,0,0,0.0013649448,0,0.0032342622,0.7315029582,0.0023658724,AUT
Azerbaijan,16593.1887600482,9416801,0.5462,0,0.25,0.5982212832,3,0.2,1.5,0.06,0.8,0.05,0.0571277156,1,0.4259311951,0.8,0.2,19055.2031423203,6745.1312309596,0.02468288,0.001134416,1.0454934229,0.8180263083,33970.3950266457,2806.1365164175,0.0256921369,0.0260510877,0.2375,0.3,0,0,0,0.0060304774,0.0005986705,0,0,0,0.0006620398,0,0.0043025036,0.6151061355,0.0026464964,AZE
Bangladesh,2853.4477401557,156594962,0.34277,0.7333333333,0.6166666667,0.2897089076,3,0.2,1.5,0.06,0.8,0.05,0.2200119999,1,0.0555001586,0.8,0.2,3250.0769760373,1266.9307966291,0.1823108,0.1456589,1.1364744196,0.4541023216,11219.8843779959,4367.2696288676,0.0627601951,0.0626265453,0.4155351976,0.7,0.64,0.64,0.8,0.0007521401,0.0139459858,0.0001389742,3.27120862503144E-005,0.0027707137,0.0138975588,0.0099651752,0.0345195146,0.6581318137,0.0227183908,BGD
Belarus,17054.5583344525,9466000,0.76667,0.7333333333,0.5166666667,0.3864445368,3,0.2,1.5,0.06,0.8,0.05,0.035635038,1,0.3271841204,0.8,0.2,19320.6827731429,7990.060579691,0.08594028,0.04172604,1.0739649898,0.7041400409,51260.2702274699,15618.7643257738,0.0161394982,0.0169753978,0.295,0.7,0.64,0.64,0.8,0,0.005114064,0,0,0,0.0053789325,0,0.0056636685,0.64030697,0.0036264864,BLR
Belgium,40608.9720093428,11182817,0.97858,0,0.425,0.2166915174,3,0.2,1.5,0.06,0.8,0.05,0.1009920226,1,0.4232849088,0.8,0.2,46522.6535582033,16954.2458139006,0.4174232,0.4380374,1.089431555,0.6422737801,222424.562297453,47324.4014790538,0.0070233333,0.0073166528,0.27,0.46,0,0,0,0.0003362771,0.0001736729,0,0,0,0.0001920562,0,0.000855228,0.7716736173,0.0006599569,BEL
Benin,1733.3093993644,10323474,0.4395,0.6666666667,0.25,0.3302533219,3,0.2,1.5,0.06,0.8,0.05,0.0438648085,1,0.0728554225,0.8,0.2,2033.6052528042,532.1259856049,0.1062553,0.01619615,1.2002149258,0.1991402967,6146.5922722753,1655.7499780399,0.0082331602,0.0189103988,0.6734349004,0.7,0.32,0.32,0.4,1.55065073285751E-005,0.0012724168,0,0,0,0.0029636037,0,0.0052578882,0.5007315772,0.0026327907,BEN
Bolivia,5934.3879777187,10671200,0.68512,0.5333333333,0.45,0.4218342004,3,0.2,1.5,0.06,0.8,0.05,0.0464868948,1,0.230864606,0.8,0.2,7171.7078710731,985.1084043013,0.2258028,0.08907469,1.1875860553,0.2496557786,17089.5610400713,1982.0456004274,0.0203772375,0.0210325636,0.3888542117,0.7,0.48,0.48,0.6,0.0030802213,0.0024947327,0,0,0,0.0027760798,0,0.0101079363,0.4931128803,0.0049843536,BOL
Bosnia and Herzegovina,9387.3500313802,3829307,0.39767,0,0.125,0.3239322324,3,0.2,1.5,0.06,0.8,0.05,0.1367841283,1,0.1324863379,0.8,0.2,10857.6437300451,3506.1752367205,0.07855196,0.03455922,1.0952833681,0.6188665275,33789.737429668,9737.8696419039,0.0177899293,0.0180556229,0.4420310714,0.7,0,0,0,0.0010543252,0.0032990578,0,0,0,0.0033717364,0,0.00982264,0.6295744988,0.0061840836,BIH
Botswana,15246.6087973119,2021144,0.57444,0.6,0.7083333333,0.2811780767,3,0.2,1.5,0.06,0.8,0.05,0.0349525826,1,0.0491444875,0.8,0.2,18517.0063843353,2165.0184492183,0.2164499,0.08854125,1.081842725,0.6726290999,66226.8634061814,6212.7022474339,0.0053240493,0.0056066828,0.641600854,0.7,0.64,0.64,0.8,0.0005405016,0.0008568521,0,0,0,0.0009475499,0,0.0049408207,0.5841212932,0.0028860386,BWA
Brazil,14555.0821953115,200361925,0.85687,0.8666666667,0.5583333333,0.2655750102,3,0.2,1.5,0.06,0.8,0.05,0.0496619791,1,0.2062913809,0.8,0.2,17577.081136113,2467.0864321053,0.1296786,0.0636212,1.2036438995,0.1854244021,66241.7053783098,9062.7678112758,0.0024885736,0.002751989,0.650662885,0.7,0.16,0.16,0.2,0,0.0007959552,0,0,0,0.0008802071,0,0.0030430063,0.6190732657,0.0018838439,BRA
Bulgaria,15695.0177942759,7265115,0.73948,0.6666666667,0.7166666667,0.3230784715,3,0.2,1.5,0.06,0.8,0.05,0.0406646207,1,0.4210410027,0.8,0.2,18361.2089420785,5030.2532030654,0.07025403,0.01463466,1.123811677,0.5047532919,58459.4085193657,9060.2866823613,0.00892518,0.0084756226,0.3857760364,0.7,0.64,0.64,0.8,0.0012535665,0.000752435,0,0,0,0.0006106553,0,0.0033696117,0.6856343575,0.0023103215,BGR
Burkina Faso,1630.4444967272,16934839,0.29859,0.8,0.4166666667,0.4056650919,3,0.2,1.5,0.06,0.8,0.05,0.0112011365,1,0.3350184754,0.8,0.2,1901.0982831839,547.8293509003,0.1070983,0.0373907,1.1259688321,0.4961246716,4767.4318499186,1026.2154033777,0.003594554,0.0023406398,0.6734349004,0.7,0.48,0.48,0.6,0,0.0016146816,0,0,0,0.0010514206,0,0.0033048408,0.7019731926,0.0023199096,BFA
Burundi,746.9601514274,10162532,0.12057,0.6666666667,0.25,0.4629793127,3,0.2,1.5,0.06,0.8,0.05,0.013002055,1,0.0973849797,0.8,0.2,850.0406523244,334.6381478395,0.05161891,0.00542796,1.1264657439,0.4941370245,1838.0307431667,714.7617769184,0.0266943502,0.0272476002,0.4424472127,0.7,0.48,0.48,0.6,0.0022989001,0.0016288051,0,0,0,0.0018012141,0,0.0063838574,0.5907118189,0.00377102,BDI
Cambodia,2943.5246683519,15135169,0.20723,0,0.15,0.4592944497,3,0.2,1.5,0.06,0.8,0.05,0.159795395,1,0.0279325676,0.8,0.2,3348.6272508338,1323.1143384242,0.0120755,0.002184594,1.1502724732,0.3989101072,7288.4780002132,2890.0705746988,0.0908607441,0.0641390552,0.2038532775,0.7,0,0,0,0,0.0378498649,0,0,1.46943044534832E-006,0.0267175517,0,0.0360726857,0.5255353812,0.0189574726,KHM
Cameroon,2739.3439448002,22253959,0.54381,0.6666666667,0.5666666667,0.4197375746,3,0.2,1.5,0.06,0.8,0.05,0.0370217151,1,0.0374860787,0.8,0.2,3206.7445053817,869.7417024741,0.1015309,0.09631175,0.9325424086,1.2698303656,7700.3940190422,1830.0503322065,0.0195170706,0.027547177,0.3,0.6343680961,0.64,0.64,0.8,0.0003765323,0.003526424,0,0,0,0.005490752,0,0.0057341445,0.4665583675,0.0026753131,CMR
Canada,41898.8823594636,35154279,0.81828,0.8666666667,0.8333333333,0.3354838939,3,0.2,1.5,0.06,0.8,0.05,0.0368631345,1,0.174861,0.8,0.2,48655.0771399271,14874.1032376096,0.6416325,0.3688955,0.929738478,1.281046088,151156.847985365,19827.0621592039,0.0104482901,0.0113655021,0.2784891517,0.3927198495,0.64,0.64,0.8,0.0001630989,0.001131193,0,0,5.40520659928519E-005,0.0012509298,0,0.0013935714,0.701879917,0.0009781197,CAN
Central African Republic,584.3759440422,4616417,0.40037,0,0,0.3147438331,3,0.2,1.5,0.06,0.8,0.05,0.0446324846,1,0.0650741202,0.8,0.2,705.85309341,98.4673465711,0.03726327,0.006212666,1.25,0,2237.183389481,334.6245682284,0.0099494215,0.0118156449,0.6348205553,0.7,0,0,0,0.0001733606,0.0025295933,0,0,0,0.0031255708,0,0.0105506704,0.5231572285,0.0055196595,CAF
Chad,2021.5934708652,12825314,0.22471,0,0,0.7532009945,3,0.2,1.5,0.06,0.8,0.05,0.0781597334,1,0.0639282994,0.8,0.2,2403.6746368587,493.2688068911,0.08138166,0.0492537,1.25,0,3180.0977437285,699.6223131894,0.0080886294,0.0089448106,0.6734349004,0.7,0,0,0,0,0.002704069,0,0,0,0.0029902947,0,0.0051190449,0.4759755672,0.0024365403,TCD
Chile,21714.0315564501,17619708,0.8953,0.8,0.925,0.3473941118,3,0.2,1.5,0.06,0.8,0.05,0.0837231814,1,0.1706202906,0.8,0.2,25915.6966626232,4907.3711317577,0.1605431,0.07033718,1.1018072654,0.5927709386,75779.3206460442,9410.057657438,0.090866062,0.0923290296,0.11529375,0.313141,0.64,0.64,0.8,0.0246009809,0.0035221602,0,0.000121227,0,0.0037705355,0,0.0179252278,0.5389231442,0.0096603201,CHL
China,11524.567506563,1357380000,0.55614,0.8,0.8416666667,0.2292163791,3,0.2,1.5,0.06,0.8,0.05,0.0926853586,1,0.1473363666,0.8,0.2,13732.9627550081,2690.9865127825,0.4205326,0.1704762,1.1166298251,0.5334806994,60564.2041397513,9133.7592331873,0.0034625954,0.0037931122,0.5370080663,0.7,0.64,0.64,0.8,0.0004025057,0.0007783019,0.0002739672,0,7.35618305952312E-005,0.0008606851,0.3520062682,0.0048042121,0.6668698533,0.0032037842,CHN
Colombia,12025.3853718442,48321405,0.76436,0.7333333333,0.7166666667,0.2797792565,3,0.2,1.5,0.06,0.8,0.05,0.0341975035,1,0.0884946671,0.8,0.2,14535.6845682167,1984.1885863543,0.1365075,0.02795298,1.1928085331,0.2287658675,52020.6408933949,6825.8882384126,0.0664588809,0.072174909,0.2226012,0.5302352,0.64,0.64,0.8,0.0142823909,0.0025370865,0,6.00400506110681E-005,0,0.0034889327,0,0.0303905696,0.4515340479,0.0137223769,COL
"Congo, Dem. Rep.",783.2592535785,67513677,0.42494,0.4,0.375,0.2370560019,3,0.2,1.5,0.06,0.8,0.05,0.0363293933,1,0.0292347291,0.8,0.2,925.5187155097,214.2214058537,0.01915755,0.008708673,1.2196390024,0.1214439906,3900.4371773155,918.8043971599,0.017275792,0.0330795176,0.6,0.7,0.32,0.32,0.4,0.0002519425,0.003185721,0,0,0,0.0063396488,0,0.0168960072,0.5094120135,0.0086070291,COD
"Congo, Rep.",5680.2299827443,4447632,0.6538,0,0.125,0.3727534239,3,0.2,1.5,0.06,0.8,0.05,0.0348527325,1,0.153256578,0.8,0.2,6701.9613508905,1593.3045101598,0.08744304,0.01770981,1.1713128089,0.3147487642,18003.2259013442,4179.9576603693,0.0431367872,0.0476561144,0.3,0.6343680961,0,0,0,4.4980555678414E-005,0.0068350129,0,0,0,0.0075584988,0,0.01175034,0.5057968257,0.0059432847,COG
Costa Rica,13430.7432070712,4872166,0.76821,0.9333333333,0.75,0.4818967549,3,0.2,1.5,0.06,0.8,0.05,0.0200275571,1,0.2140434198,0.8,0.2,16081.6361475669,2827.1714450885,0.2792255,0.07918306,1.1345266004,0.4618935983,33848.566273293,3958.6468119341,0.02288251,0.02288251,0.3210421673,0.7,0.8,0.8,1,0.0049925691,0.0008214577,6.63854806425438E-006,9.93272725198388E-006,1.09022255935044E-005,0.0008214577,0.0080814243,0.0076352428,0.5114739052,0.0039052275,CRI
Croatia,20048.9871590995,4255700,0.58964,0.6666666667,0.5583333333,0.2305224715,3,0.2,1.5,0.06,0.8,0.05,0.1014082005,1,0.2928353731,0.8,0.2,23053.8291095695,8029.6193572194,0.1524273,0.07799293,1.0621433302,0.7514266793,103166.509542149,22193.6747671633,0.01385824,0.014382689,0.4412012811,0.7,0.64,0.64,0.8,0.0017583149,0.0013869343,0,0,0,0.0015337412,0,0.0078430475,0.7371679557,0.0057816433,HRV
Czech Republic,28124.4644802821,10514272,0.72992,0.6666666667,0.9,0.2397998316,3,0.2,1.5,0.06,0.8,0.05,0.0690777074,1,0.4459824503,0.8,0.2,31875.5649303397,13120.0626800516,0.4178777,0.2615189,1.1438830646,0.4244677417,131933.625634837,58680.9318680902,0.0089810023,0.0097698472,0.4135,0.7,0.8,0.8,1,0.0003380492,0.0007393987,0,0,0,0.0008176641,0,0.0023093154,0.750148441,0.0017323294,CZE
Denmark,42482.7324552521,5614932,0.87676,0.7333333333,0.9166666667,0.230106064,3,0.2,1.5,0.06,0.8,0.05,0.0060722263,1,0.3830284112,0.8,0.2,48255.0737276095,19393.3673658226,0.6474435,0.4418966,1.0483422222,0.8066311111,219740.733289902,44149.0377217701,0.0004073094,0.0004504231,0.25,0.3,0.64,0.64,0.8,0,5.61143411905066E-005,0,0,0,0.000062054,0,6.43407908029944E-005,0.8083856008,5.20121688268891E-005,DNK
Djibouti,2902.5462446953,872932,0.77343,0.6,0.25,0.2605986207,3,0.2,1.5,0.06,0.8,0.05,0.0061696761,1,0.097724969,0.8,0.2,3409.4033826752,875.1176927756,0.04367659,0.01797438,1.0295091502,0.8819633992,13258.0285054077,2657.8631010912,0.0240577432,0.0241072662,0.2919383716,0.6224866506,0.48,0.48,0.6,0.0019936215,0.0001455946,0,0,0,0.0001610058,0,0.0042212791,0.5938713123,0.0025068965,DJI
Dominican Republic,11795.4705790204,10403761,0.7898,0.6,0.5083333333,0.3771503991,3,0.2,1.5,0.06,0.8,0.05,0.0348497371,1,0.121321382,0.8,0.2,14005.6468787643,2954.7653800446,0.2295297,0.05700692,1.15102186,0.39591256,37292.4243090328,7206.5204149191,0.1025338278,0.1016749971,0.3,0.3489973692,0.64,0.64,0.8,0.0059506261,0.0014359396,0.0006628048,0,0.0083266572,0.0013758313,0.4615826347,0.0184700316,0.6380169199,0.0117841927,DOM
Ecuador,10540.6573666533,15737878,0.63742,0.8,0.4583333333,0.2574734718,3,0.2,1.5,0.06,0.8,0.05,0.0692559607,1,0.1781882883,0.8,0.2,12609.261374859,2266.2413338305,0.1769659,0.09387966,1.1657520576,0.3369917695,49243.765807531,7718.9833638201,0.0235760736,0.0251179607,0.6764212742,0.7,0.48,0.48,0.6,0.006520975,0.0009327455,0,1.16962541242571E-005,0,0.0012195622,0,0.0292992879,0.6609815312,0.0193662882,ECU
"Egypt, Arab Rep.",10733.4887228128,82056378,0.43135,0.6666666667,0.4583333333,0.4927783419,3,0.2,1.5,0.06,0.8,0.05,0.2004021135,1,0.1175081101,0.8,0.2,12175.8012699408,4964.2385343009,0.01016893,0.002091735,1.1514730056,0.3941079776,24658.8851119276,10272.3377050071,0.0063873515,0.0102717511,0.55,0.7,0.48,0.48,0.6,0.0005083408,0.0002093309,0,2.44831179614522E-005,0,0.0005073799,0,0.0014751011,0.578037,0.000852663,EGY
El Salvador,7515.0826563776,6340454,0.66726,0.6666666667,0.5083333333,0.1342435753,3,0.2,1.5,0.06,0.8,0.05,0.0089971718,1,0.1777682322,0.8,0.2,8858.4036812051,2141.7985570676,0.1816167,0.04984934,1.1761358886,0.2954564455,66019.1819826094,15828.0138473248,0.0216843148,0.0223534832,0.44,0.7,0.48,0.48,0.6,0.0076906908,0.0003023749,0,0,0,0.0004338102,0,0.0414774155,0.6505919921,0.0269848744,SLV
Estonia,25253.7672011471,1317997,0.67538,0,0.4,0.2800603916,3,0.2,1.5,0.06,0.8,0.05,0.0182062093,1,0.3611234592,0.8,0.2,29303.8401160311,9053.4755416112,0.3582999,0.1892857,1.1213119782,0.5147520871,106625.039771,24362.7254734676,0.0157047918,0.016387745,0.1259775921,0.4342145962,0,0,0,9.24544817997857E-005,0.0044373829,0,0,0,0.0046473545,0,0.0038729533,0.6002178371,0.0023246157,EST
France,37216.8018998205,65939866,0.7952,0.7333333333,0.95,0.2234491797,3,0.2,1.5,0.06,0.8,0.05,0.071401443,1,0.3854494485,0.8,0.2,42887.7120893057,14533.1611418799,0.5575402,0.4022605,1.1242760884,0.5028956463,194870.320158634,53298.7264751576,0.0181893027,0.0197180817,0.2395,0.57,0.8,0.8,1,0.0002733977,0.0010093283,0.0001635234,1.00494054226367E-007,0.000348779,0.0011161656,0.1620121459,0.0024493677,0.7165950794,0.0017552048,FRA
Gabon,18646.3698144321,1671711,0.87156,0.5333333333,0.5916666667,0.3299123736,3,0.2,1.5,0.06,0.8,0.05,0.0939623484,1,0.1274651085,0.8,0.2,21942.115679133,5463.3863556286,0.1312962,0.01964613,1.1230905454,0.5076378183,66951.9677238041,14787.9228186429,0.0265707214,0.0550084602,0.3269905141,0.7,0.16,0.16,0.2,6.91302884900625E-005,0.0058049275,0,0,0,0.0121761895,0,0.0155172009,0.4256437035,0.0066047989,GAB
Georgia,6930.2913801529,4487200,0.53641,0.6666666667,0.6166666667,0.3632651483,3,0.2,1.5,0.06,0.8,0.05,0.0837157021,1,0.5660634998,0.8,0.2,8205.464994101,1829.5969243604,0.01637902,0.001567924,1.1353639604,0.4585441584,23798.4765118793,194.9774215777,0.0682970025,0.0690760276,0.201292325,0.539077,0.48,0.48,0.6,0.0141603485,0.0033827108,0,0,0,0.0035623026,0,0.0139472612,0.6832217571,0.0095290723,GEO
Germany,42883.6868079517,80651873,0.75301,0.8,0.9166666667,0.2730174464,3,0.2,1.5,0.06,0.8,0.05,0.0720767913,1,0.4049132369,0.8,0.2,49160.7864644656,17775.288181896,0.5140285,0.5698233,1.0852424706,0.6590301178,186598.282130879,38972.1910545053,0.0110368948,0.0117860094,0.2407266938,0.3,0.64,0.64,0.8,0.0006329725,0.0005553654,0,0,0,0.0006141509,0,0.0012689073,0.775452823,0.0009839778,DEU
Ghana,3864.0307887795,25904598,0.54042,0.8,0.5416666667,0.4079350166,3,0.2,1.5,0.06,0.8,0.05,0.0259363117,1,0.1209757369,0.8,0.2,4576.9444693093,1012.3760666602,0.2401777,0.04551203,1.1320659882,0.4717360471,11288.1415560694,2208.2955768091,0.004242941,0.0050811137,0.69739886,0.7,0.64,0.64,0.8,0,0.0012319848,0,0,0,0.0014753575,0,0.0029303283,0.6094389053,0.0017858561,GHA
Greece,24305.0596068933,11027549,0.78007,0.8,0.4666666667,0.2367917503,3,0.2,1.5,0.06,0.8,0.05,0.0175975762,1,0.4893031457,0.8,0.2,28421.7290778108,7838.3817232231,0.2479624,0.1293717,1.1866287801,0.2534848797,118331.580975921,39889.6047429778,0.0689567359,0.0691009673,0.1418159875,0.44601326,0.8,0.8,1,0.0267910725,0.0002176245,0,0,0,0.00024066,0,0.0309162241,0.609543196,0.018844774,GRC
Guatemala,7062.5306748217,15468203,0.51571,0.4666666667,0.5833333333,0.6475627728,3,0.2,1.5,0.06,0.8,0.05,0.0323253317,1,0.1091511242,0.8,0.2,8486.5134221326,1366.599685578,0.1347752,0.05336335,1.1528286872,0.3886852513,13170.520237482,1849.5488122223,0.0656119428,0.071707428,0.1,0.583710645,0.32,0.32,0.4,0.0341800712,0.002453485,0,0,0,0.0041693698,0,0.0268685081,0.2455750229,0.0065982345,GTM
Guinea,1212.888132833,11745189,0.37161,0.6,0.3333333333,0.3510694893,3,0.2,1.5,0.06,0.8,0.05,0.0216095512,1,0.0731653252,0.8,0.2,1401.6438485052,457.8652701445,0.02541692,0.01277901,1.2251665225,0.0993339101,3973.5309399197,1380.0651097086,0.008006103,0.0099804264,0.685,0.7,0.48,0.48,0.6,4.79917165951617E-005,0.0024702451,0,0,0,0.0031354398,0,0.0070117995,0.6326449403,0.0044359795,GIN
Honduras,4445.2710541232,8097688,0.5473,0.3333333333,0.5666666667,0.3635926941,3,0.2,1.5,0.06,0.8,0.05,0.0432505266,1,0.1379871036,0.8,0.2,5411.5618495132,580.1078725631,0.118058,0.0431121,1.1890058359,0.2439766563,14939.1031021495,1373.4057395415,0.0573317753,0.0590768605,0.391375829,0.7,0.32,0.32,0.4,0.0217026216,0.0032570429,0.0001040738,0,0.0006739326,0.0038024853,0.0319534529,0.0599602891,0.4647068876,0.0278639593,HND
Hungary,22706.6118964343,9893899,0.71227,0.8666666667,0.6666666667,0.2212694117,3,0.2,1.5,0.06,0.8,0.05,0.0987780461,1,0.5576027275,0.8,0.2,26041.6455187231,9366.4774072792,0.2239262,0.0918939,1.0812699419,0.6749202325,126177.591049151,8388.3899845493,0.0353653518,0.0436406387,0.435105,0.7,0.8,0.8,1,0.0004793211,0.0051978295,0,0,0,0.006502361,0,0.0115503085,0.8020656288,0.0092641055,HUN
India,5243.9570597126,1252139596,0.32747,0.8666666667,0.775,0.4525301642,3,0.2,1.5,0.06,0.8,0.05,0.0847957279,1,0.1192059862,0.8,0.2,5995.1539085164,2239.1696644973,0.1227241,0.106086,1.0696173976,0.7215304097,13363.5554288141,4486.1928046386,0.0053652124,0.005733797,0.5223154488,0.7,0.64,0.64,0.8,0.000144003,0.0019697776,0.0002298049,0,0.0003742175,0.0021674168,0.1166654095,0.0043973967,0.6262604145,0.0027539155,IND
Indonesia,9254.4221797039,249865631,0.53742,0.6666666667,0.6083333333,0.3099768187,3,0.2,1.5,0.06,0.8,0.05,0.0644947034,1,0.1257301264,0.8,0.2,10685.3872092406,3530.5620615571,0.2072208,0.07181267,1.0743076323,0.7027694709,34816.4133033924,10010.3832896211,0.02296888,0.0225953376,0.19760155,0.3,0.64,0.64,0.8,0.0019212487,0.0036162625,6.56059279906211E-005,8.28918414820784E-005,0,0.0034981198,0.0181419152,0.0048643273,0.6880172964,0.0033467413,IDN
"Iran, Islamic Rep.",15090.0472200748,77447168,0.73375,0.6,0.4166666667,0.3179951775,3,0.2,1.5,0.06,0.8,0.05,0.0436843375,1,0.1383892902,0.8,0.2,17649.69647978,4851.4501812541,0.2492838,0.1211886,1.0907383922,0.6370464313,56104.2952606946,12851.3105692159,0.0158213777,0.0162635567,0.2729838587,0.7,0.32,0.32,0.4,0.006746417,0.0007808565,0,0,0,0.0008635101,0,0.0126063322,0.5521182806,0.0069601865,IRN
Iraq,14471.473317625,33417476,0.69471,0.2,0.25,0.5840924715,3,0.2,1.5,0.06,0.8,0.05,0.2408688879,1,0.0934952131,0.8,0.2,16497.4795820925,6367.448259755,0.07414198,0.0292944,1.0958151495,0.6167394018,28357.5443376931,10449.8076255587,0.0181430269,0.0217241804,0.6,0.7,0.48,0.48,0.6,0.0019764213,0.0033148732,0,0,0,0.0044065623,0,0.0092004557,0.564599592,0.0051945735,IRQ
Ireland,44647.2359111421,4597558,0.63241,0,0.35,0.3112505493,3,0.2,1.5,0.06,0.8,0.05,0.0355579209,1,0.5064689547,0.8,0.2,51556.3956683913,17010.5968821451,0.5241702,0.4951397,1.1019988201,0.5920047195,173407.987725256,23591.4566593676,0.0098088043,0.0107879488,0.2663043625,0.3,0,0,0,0.000060744,0.0007937374,0,0,0,0.0008777544,0,0.0009887465,0.7451821715,0.0007367963,IRL
Israel,30926.8490945208,8059500,0.9214,0,0.4,0.3584782814,3,0.2,1.5,0.06,0.8,0.05,0.0088073885,1,0.1781559119,0.8,0.2,36876.4016890792,7128.6387162871,0.290902,0.1858163,1.096011255,0.6159549802,104671.453587623,12677.1259237793,0.0067815811,0.0067885674,0.55,0.7,0,0,0,0.0008019176,6.42534915257629E-006,0,0,0,7.10547217401602E-006,0,0.0020220685,0.6182729378,0.0012501902,ISR
Italy,33923.5598171182,60233948,0.68964,0.8666666667,0.7166666667,0.2046119687,3,0.2,1.5,0.06,0.8,0.05,0.0476646851,1,0.4149386125,0.8,0.2,39830.4996702739,10295.8004044954,0.1787756,0.1188806,1.1709386677,0.3162453292,195038.252133326,48819.9990008755,0.0154117436,0.0156738576,0.2395,0.57,0.8,0.8,1,0.0043758718,0.0002313701,0,0,0,0.0002558606,0,0.0086051376,0.6711955686,0.0057757302,ITA
Jamaica,8607.4985627662,2714734,0.54788,0.6,0.4083333333,0.3810091135,3,0.2,1.5,0.06,0.8,0.05,0.000596341,1,0.1538026354,0.8,0.2,10183.7467370727,2302.50586554,0.3105106,0.2945098,1.1341149202,0.463540319,26929.5969477712,5238.209025114,0.1221782796,0.1236816005,0.391375829,0.7,0.64,0.64,0.8,0.0016902272,0.000332056,0.0032397525,0,0.0106610863,0.0003672041,9.7566462168,0.0256460124,0.5676042982,0.0145567869,JAM
Japan,35614.3100226829,127338621,0.93498,0.8,0.8166666667,0.2104425336,3,0.2,1.5,0.06,0.8,0.05,0.0732031927,1,0.210968481,0.8,0.2,41236.919217514,13123.8732433586,0.5513969,0.4561238,0.998137098,1.0074516081,203181.416702392,33450.9454221534,0.0280268848,0.0287223821,0.20493825,0.3,0.64,0.64,0.8,0.0038290183,0.0002867945,0.0020965358,0.0003602404,0.0005448793,0.0003171517,7.3102371318,0.0084412395,0.7757820344,0.0065485619,JPN
Jordan,11404.7388595369,6460000,0.83679,0.4666666667,0.425,0.1757227222,3,0.2,1.5,0.06,0.8,0.05,0.0039880625,1,0.2062520704,0.8,0.2,13082.6610642463,4693.0500406994,0.1260008,0.01290732,1.126530664,0.4938773438,74797.9069990551,25317.8809440477,0.0073363071,0.0073679347,0.55,0.7,0.48,0.48,0.6,0.0006770185,1.24278485112523E-005,0,0,0,1.5428765013539E-005,0,0.0030011743,0.7330094451,0.0021998891,JOR
Kazakhstan,22469.6790194365,17035275,0.53247,0.6,0.775,0.3305707554,3,0.2,1.5,0.06,0.8,0.05,0.0531695219,1,0.2575849914,0.8,0.2,25432.8679401247,10616.9233366837,0.07945224,0.0495838,1.0167679087,0.9329283653,79650.8463642848,21258.4845872037,0.0285274632,0.031034495,0.1259775921,0.4342145962,0.64,0.64,0.8,0.0034004742,0.0030404564,0,0,0,0.0037808057,0,0.0042681523,0.6249957725,0.0026675771,KAZ
Kenya,2705.3232181398,44353691,0.25622,0.8,0.5083333333,0.4629602732,3,0.2,1.5,0.06,0.8,0.05,0.0188168284,1,0.0710133313,0.8,0.2,3217.9819679773,654.6882187898,0.3215924,0.1005334,1.2032546169,0.1869815322,6944.7373910879,1438.7109459407,0.0058786753,0.0096246625,0.6,0.7,0.32,0.32,0.4,0.0002112399,0.0015175829,0,0,0,0.0029766867,0,0.004732272,0.4649487992,0.0022002642,KEN
Kyrgyz Republic,3109.8128288413,5719600,0.35707,0.6,0.4833333333,0.5202256666,3,0.2,1.5,0.06,0.8,0.05,0.0522631315,1,0.4821306047,0.8,0.2,3588.7240044829,1194.1681262751,0.01364074,0.001899116,1.1062859262,0.5748562951,7163.9407142713,1233.3124832444,0.0785659836,0.0787580142,0.15736634,0.6695666403,0.64,0.64,0.8,0.0172335875,0.0082709607,0,0,0,0.0083208149,0,0.0150538287,0.5513110191,0.0082993416,KGZ
Lao PDR,4667.3400588651,6769727,0.38614,0.4,0.1666666667,0.2472988861,3,0.2,1.5,0.06,0.8,0.05,0.1858338961,1,0.1261460292,0.8,0.2,5389.6109329745,1778.2565624276,0.2385275,0.1325088,1.2218474588,0.112610165,21611.1101198605,7921.9380551207,0.0664927667,0.056787581,0.3,0.4,0.48,0.48,0.6,0.0007457649,0.0317891075,0,0,5.18921888264496E-005,0.0267335625,0,0.0479775237,0.7351035488,0.0352684479,LAO
Latvia,21832.5707415661,2012647,0.67382,0,0.35,0.2393699081,3,0.2,1.5,0.06,0.8,0.05,0.0581330499,1,0.2543790224,0.8,0.2,25587.7729091155,6811.7620713686,0.1686562,0.08001867,1.0610192989,0.7559228044,110349.757022579,14643.4819442806,0.0570266796,0.0460881341,0.1259775921,0.4342145962,0,0,0,0,0.0115715102,0,0,0,0.0093519265,0,0.0098768762,0.6519394555,0.0064391253,LVA
Lesotho,2493.6137341397,2074465,0.27312,0.4,0.1666666667,0.1992120957,3,0.2,1.5,0.06,0.8,0.05,0.0229051235,1,0.0818370198,0.8,0.2,3028.4938801127,354.0931502478,0.1136827,0.02873374,1.223286723,0.1068531081,15192.556167418,1816.6811580263,0.0136781144,0.0129737756,0.641600854,0.7,0.32,0.32,0.4,0.0013666948,0.0017658117,0,0,0,0.0015295109,0,0.0160131943,0.6018254647,0.0096371481,LSO
Liberia,849.8309242361,4294077,0.49701,0,0,0.4725120713,3,0.2,1.5,0.06,0.8,0.05,0.0637109683,1,0.1205340924,0.8,0.2,993.8772658941,273.645557604,0.2007491,0.0449625,1.2199209277,0.1203162892,2090.9616369658,628.8435430599,0.0096697377,0.0097045826,0.6734349004,0.7,0,0,0,8.52471675077757E-005,0.0021139505,0,0,0,0.0021225965,0,0.005212689,0.6031221081,0.003143888,LBR
Lithuania,24469.6225008436,2957689,0.66508,0,0.35,0.3129644245,3,0.2,1.5,0.06,0.8,0.05,0.0802232839,1,0.3495872976,0.8,0.2,28436.7600487929,8601.0723090465,0.2553146,0.1316597,1.0461665817,0.8153336733,95735.6497806029,7990.3725780107,0.0205134223,0.0226847674,0.2625238,0.473492,0,0,0,0,0.0032645592,0,0,0,0.0036101127,0,0.0039615224,0.7053029275,0.0027940733,LTU
"Macedonia, FYR",11608.9689707937,2107158,0.57104,0.6666666667,0.3333333333,0.2639321666,3,0.2,1.5,0.06,0.8,0.05,0.1206012645,1,0.2662545975,0.8,0.2,13726.1546868422,3140.2261065997,0.1010828,0.04312311,1.100765589,0.5969376439,53308.9196138189,6687.666263968,0.0245613921,0.0251837976,0.1678688,0.4472128,0.48,0.48,0.6,0.0043493207,0.0007898736,0,0,0,0.0008734817,0,0.0054504348,0.6191323237,0.0033745404,MKD
Madagascar,1368.6324120759,22924851,0.35105,0.6,0.25,0.2940729838,3,0.2,1.5,0.06,0.8,0.05,0.0506364796,1,0.1034746911,0.8,0.2,1599.5891316137,444.8055339247,0.01990471,0.00467687,1.190678767,0.237284932,5427.6498056789,1559.6854901494,0.0413067254,0.0372115376,0.4424472127,0.7,0.32,0.32,0.4,5.37571208403433E-005,0.0055348332,0.0011258595,0,0.0180345872,0.0044704422,0.2034134448,0.0568497226,0.6229147839,0.0354125327,MDG
Malawi,754.981975268,16362567,0.16272,0.8,0.3333333333,0.2530765692,3,0.2,1.5,0.06,0.8,0.05,0.0228307784,1,0.0392103775,0.8,0.2,892.6718130075,204.22262431,0.1041777,0.05031624,1.1949966322,0.2200134712,3525.7429303212,813.1063968242,0.0274077947,0.0275972591,0.4424472127,0.7,0.64,0.64,0.8,0.0009787793,0.0054847044,0,0,0,0.0055445882,0,0.0169178138,0.5960113688,0.0100832094,MWI
Malaysia,22589.3714474966,29716965,0.74705,0.8,0.7666666667,0.2505940746,3,0.2,1.5,0.06,0.8,0.05,0.1081206348,1,0.0617900961,0.8,0.2,26954.7674797253,5127.7873185817,0.4278625,0.2476379,1.1148598528,0.5405605889,108028.853440207,18600.9786169693,0.0202097724,0.0223488681,0.2229746345,0.3948696496,0.8,0.8,1,3.88177490416431E-005,0.0041511371,0,0,0,0.0045905348,0,0.0052872062,0.5877209974,0.0031074021,MYS
Mali,1589.1673480781,15301650,0.39916,0.6,0.3333333333,0.643844866,3,0.2,1.5,0.06,0.8,0.05,0.0911249703,1,0.0507364086,0.8,0.2,1828.1383880454,633.2831882091,0.05730599,0.02604872,1.2016336739,0.1934653042,2832.6459838374,1010.6447681772,0.048808934,0.027128428,0.1,0.6492646,0.48,0.48,0.6,0,0.0154214174,0,0,0,0.0085713573,0,0.0063786429,0.4010358392,0.0025580644,MLI
Mauritania,2945.2295694967,3889880,0.59859,0.6666666667,0.3333333333,0.2381059709,3,0.2,1.5,0.06,0.8,0.05,0.0693921652,1,0.0865257797,0.8,0.2,3459.9084367663,886.5141004185,0.08601068,0.03011628,1.1897563987,0.240974405,14513.3781585624,3793.5204091404,0.0439998865,0.0484743555,0.1,0.58644415,0.48,0.48,0.6,0.0001419783,0.0109900789,0,0,0,0.0121533784,0,0.0154150187,0.3571665661,0.0055057293,MRT
Mexico,16290.8128214269,122332399,0.79246,0.5333333333,0.7666666667,0.368263045,3,0.2,1.5,0.06,0.8,0.05,0.0611030386,1,0.2683406526,0.8,0.2,19373.8491478819,3958.6675156067,0.09345214,0.02801249,1.1291018296,0.4835926816,53584.5780977245,6846.1513183833,0.0065449831,0.0062721628,0.3221211,0.7,0.64,0.64,0.8,0.0008814155,0.000379616,6.90558207494066E-005,0,0.0003988671,0.0003244956,0.1819096542,0.0024757938,0.5820733601,0.0014410936,MEX
Moldova,4521.0848447881,3558566,0.44995,0.6,0.375,0.2567047738,3,0.2,1.5,0.06,0.8,0.05,0.0628217564,1,0.3484590959,0.8,0.2,5171.555926832,1919.2005166126,0.05443321,0.007158123,1.108114416,0.5675423361,20482.7679719507,6128.9353067416,0.0295919548,0.0231268145,0.4153083161,0.7,0.48,0.48,0.6,0.0001907267,0.0059956812,0,0,0,0.0045791041,0,0.0120568337,0.7489548995,0.0090300247,MDA
Mongolia,9132.3057037913,2839073,0.7204,0.5333333333,0.5666666667,0.2076748793,3,0.2,1.5,0.06,0.8,0.05,0.0471083002,1,0.196382544,0.8,0.2,10604.8899985277,3241.9685248459,0.3040792,0.1190915,1.103344674,0.5866213041,51687.1217268112,13121.7674234754,0.0314805566,0.0344275796,0.1259775921,0.4342145962,0.48,0.48,0.6,0.0007079573,0.0056186494,0,0,0,0.0062133833,0,0.0069403019,0.5755893475,0.0039947638,MNG
Montenegro,14151.5411049103,621383,0.64026,0,0.175,0.3648966624,3,0.2,1.5,0.06,0.8,0.05,0.1063076848,1,0.2800007604,0.8,0.2,16230.048704694,5837.5107057755,0.04095249,0.02271427,1.0273719661,0.8905121354,46280.8328641234,8788.2956348458,0.009614833,0.0111357208,0.4409824762,0.7,0,0,0,0.0012403753,0.0006201236,0,0,0,0.0008758152,0,0.003510116,0.6639442866,0.0023305215,MNE
Morocco,6967.2592458786,33008150,0.60195,0.8666666667,0.75,0.2692569672,3,0.2,1.5,0.06,0.8,0.05,0.0562499279,1,0.1347079963,0.8,0.2,8141.2424288091,2271.3265141564,0.1725484,0.05141593,1.088873033,0.6445078681,30556.7224770624,7152.4780212777,0.0143666462,0.0163857052,0.2106528125,0.7,0.64,0.64,0.8,0.0017298346,0.001826995,0,0,0,0.0023986926,0,0.0057148523,0.5163726509,0.0029509934,MAR
Nepal,2172.7903916176,27797457,0.18615,0.6,0.3333333333,0.2701993003,3,0.2,1.5,0.06,0.8,0.05,0.0583797399,1,0.3454389443,0.8,0.2,2491.3757827886,898.4488269339,0.1267821,0.05736111,1.1914285078,0.2342859688,9030.3745454294,4085.682026297,0.0277258785,0.0323869118,0.398765875,0.7,0.32,0.32,0.4,0.0012894953,0.0054027148,0,0,0,0.0072541645,0,0.0163749654,0.6348848229,0.010396217,NPL
Netherlands,45021.1574077338,16804432,0.90496,0.8,0.9166666667,0.2525198949,3,0.2,1.5,0.06,0.8,0.05,0.3230109125,1,0.3404212262,0.8,0.2,51549.2252318552,18908.8861112482,0.6205978,0.5146725,1.114950228,0.5401990882,206904.371646567,63820.3431581895,0.0137944958,0.0149308389,0.2597572,0.3,0.8,0.8,1,0.0002649652,0.0007545008,0,0,0,0.0008343647,0,0.0011614847,0.7824495866,0.0009088032,NLD
Niger,886.8096112893,17831270,0.18732,0.6666666667,0.3333333333,0.2335923169,3,0.2,1.5,0.06,0.8,0.05,0.0402116515,1,0.0617122063,0.8,0.2,1009.1893376473,397.2907058576,0.0181079,0.002041873,1.1425283163,0.429886735,4319.1712411881,1705.3094609987,0.0320234551,0.0177989135,0.10399855,0.7,0.48,0.48,0.6,0,0.0117439611,0,0,0,0.0065273953,0,0.0106956815,0.5361222277,0.0057341926,NER
Nigeria,5422.6933427295,173615345,0.47776,0.8,0.5916666667,0.8736444729,3,0.2,1.5,0.06,0.8,0.05,0.0376700887,1,0.007621301,0.8,0.2,6413.0127144455,1461.4158558656,0.3368574,0.08466024,1.2118229759,0.1527080963,7339.1373178281,1678.3482793304,0.0062844029,0.0060608497,0.6734349004,0.7,0.64,0.64,0.8,5.16592315065138E-005,0.0017488694,0,0,0,0.0016799697,0,0.002427159,0.482954566,0.0011722075,NGA
Pakistan,4454.0748287843,182142594,0.38758,0.7333333333,0.5416666667,0.3767173581,3,0.2,1.5,0.06,0.8,0.05,0.0785892132,1,0.130726213,0.8,0.2,5033.6613158799,2135.7288804021,0.01669716,0.01097432,1.1892265244,0.2430939022,13256.8179409257,6089.6594402963,0.0140656941,0.0149507318,0.52089405,0.7,0.48,0.48,0.6,0.0010064877,0.0034620497,6.5575299216817E-005,0,2.77473181992467E-005,0.0038285076,0.0189411777,0.0091900835,0.6510557667,0.0059832568,PAK
Panama,18793.3933318045,3864170,0.66592,0.6666666667,0.7166666667,0.5402427161,3,0.2,1.5,0.06,0.8,0.05,0.0185889933,1,0.1939619351,0.8,0.2,22740.0059314834,3006.9429330887,0.1344137,0.1099336,1.2217305031,0.1130779876,41994.0067180861,5958.6951791605,0.0065229348,0.008513782,0.6764212742,0.7,0.48,0.48,0.6,0.0016030079,0.0001349855,0,8.76413621024846E-006,0,0.0007539526,0,0.0044486351,0.4927864987,0.0021922273,PAN
Paraguay,7833.0740015676,6802295,0.59666,0.8,0.6666666667,0.3682732131,3,0.2,1.5,0.06,0.8,0.05,0.0275042586,1,0.1843274978,0.8,0.2,9393.8139963799,1590.1140223182,0.1477873,0.02127697,1.1887288822,0.2450844713,25558.3014661411,4115.473914187,0.0125732859,0.0139041679,0.371986975,0.7,0.64,0.64,0.8,0,0.002170657,0,0,0,0.002400421,0,0.0037612484,0.5101448829,0.0019187816,PRY
Peru,11396.4930206131,30375603,0.78609,0.6,0.7666666667,0.2701986754,3,0.2,1.5,0.06,0.8,0.05,0.0688875034,1,0.1452735086,0.8,0.2,13644.451268929,2404.6600273494,0.1296312,0.01947264,1.185333009,0.2586679641,50583.2773173411,8557.8768772578,0.0802399985,0.0775015543,0.143717125,0.5818235,0.48,0.48,0.6,0.0326758296,0.0027813547,0,6.16195786015732E-005,0,0.0022879701,0,0.052422775,0.4003493558,0.0209874242,PER
Philippines,6326.216423894,98393574,0.44373,0.7333333333,0.6333333333,0.2736571883,3,0.2,1.5,0.06,0.8,0.05,0.0539368864,1,0.2259353936,0.8,0.2,7442.0028456583,1863.0707368368,0.2218852,0.0353108,1.18867983,0.2452806801,27111.5914400065,7140.1544342608,0.0939436825,0.0934717237,0.2229746345,0.3,0.48,0.48,0.6,0.005453712,0.0039392527,0.0197593909,0.0002374651,0.0315651818,0.0038844462,5.0160252615,0.0652865933,0.6917741357,0.0451635767,PHL
Poland,22835.2204608088,38514479,0.60539,0.6,0.7916666667,0.413202632,3,0.2,1.5,0.06,0.8,0.05,0.0578244456,1,0.4966192309,0.8,0.2,26291.9019580637,9008.4944717891,0.2018166,0.1469539,1.1320434276,0.4718262895,64683.5500586147,17585.6812522075,0.0207966782,0.0197533551,0.1259775921,0.4342145962,0.8,0.8,1,0.0007779936,0.0020954893,0,0,0,0.0019609366,0,0.0014153927,0.6059230642,0.0008576191,POL
Romania,18184.1097333037,19981358,0.54564,0.6,0.6916666667,0.2677480378,3,0.2,1.5,0.06,0.8,0.05,0.0736838075,1,0.4233798007,0.8,0.2,20704.8819450829,8101.0208861868,0.1082912,0.05476748,1.1018483991,0.5926064035,79163.632591697,22920.5022135393,0.0155325212,0.0165175944,0.3258363,0.7,0.64,0.64,0.8,0.0012808124,0.0021910768,0,0,0,0.0024751173,0,0.0057927022,0.7138309554,0.0041350101,ROU
Russian Federation,23564.2077363646,143499861,0.74008,0,0.25,0.3491630039,3,0.2,1.5,0.06,0.8,0.05,0.0425464211,1,0.2618132363,0.8,0.2,27552.4498957443,7611.2390988458,0.1361298,0.06942263,1.0794123785,0.6823504859,81060.3374801952,13197.145442787,0.0162177675,0.0166420166,0.1439178964,0.6020671383,0,0,0,0.0002705137,0.0037551563,0,0,0,0.0038581211,0,0.0035727811,0.5241938259,0.0018728298,RUS
Rwanda,1426.3662876262,11776522,0.28811,0.8,0.4833333333,0.7125778172,3,0.2,1.5,0.06,0.8,0.05,0.0391139166,1,0.023583535,0.8,0.2,1690.9572339809,368.0025022076,0.1783742,0.1784206,1.1484810368,0.406075853,2374.8039052744,509.2792625291,0.0224288872,0.0149573478,0.6825,0.7,0.64,0.64,0.8,0.0014058986,0.0029364268,0,0,0,0.0007166744,0,0.0060371841,0.5997289997,0.0036206744,RWA
Senegal,2170.0772069902,14133280,0.43721,0.6666666667,0.5083333333,0.226210112,3,0.2,1.5,0.06,0.8,0.05,0.0292921691,1,0.2114330471,0.8,0.2,2548.75567961,655.363316511,0.04644672,0.02342184,1.2094070768,0.1623716929,11177.4184066393,3256.2901326845,0.0029881798,0.0022247792,0.685,0.7,0.48,0.48,0.6,3.25952964767219E-005,0.000617686,0,0,0,0.0004360137,0,0.0022416456,0.7644870736,0.0017137091,SEN
Serbia,12892.4963006621,7164132,0.55553,0.6,0.5083333333,0.2201204534,3,0.2,1.5,0.06,0.8,0.05,0.1095561563,1,0.296922932,0.8,0.2,14766.7429503709,5395.5097018271,0.04309804,0.01452239,1.1218348526,0.5126605897,67667.1018275178,22182.5318751386,0.0333693846,0.0362070188,0.4413487216,0.7,0.32,0.32,0.4,0.0012574545,0.0057631968,0,0,0,0.006373231,0,0.0193276554,0.7176885217,0.0138712365,SRB
Sierra Leone,1494.648548339,6092075,0.39942,0.7333333333,0.3333333333,0.4068659913,3,0.2,1.5,0.06,0.8,0.05,0.051476908,1,0.0383577596,0.8,0.2,1722.3956208921,583.6602581264,0.2132186,0.04347975,1.1886588389,0.2453646445,4228.007454458,1455.7937453546,0.0064184515,0.0063615437,0.6734349004,0.7,0.64,0.64,0.8,4.88275618462568E-005,0.0037768626,0,0,0,0.0037399885,0,0.0082042548,0.6514203182,0.0053444183,SLE
Slovak Republic,25758.8626348949,5413393,0.53598,0.7333333333,0.625,0.305901886,3,0.2,1.5,0.06,0.8,0.05,0.1476085685,1,0.392997179,0.8,0.2,29419.8409868793,11114.9492269572,0.4171376,0.2975634,1.1318574521,0.4725701914,96733.878348106,34095.9318235662,0.015410357,0.0122837188,0.4414332265,0.7,0.64,0.64,0.8,0.0003169667,0.0022884248,0,0,0,0.0017589593,0,0.0044925251,0.7350457828,0.0033022117,SVK
Slovenia,27368.1720259118,2059953,0.4965,0.8666666667,0.6916666667,0.221337883,3,0.2,1.5,0.06,0.8,0.05,0.1094184334,1,0.3639895565,0.8,0.2,30881.5611097382,13314.6156906061,0.3523933,0.200224,1.041023663,0.835905348,145703.620826537,35429.7063019207,0.0308554835,0.0318981861,0.3430290881,0.7,0.8,0.8,1,0.0030121694,0.0005463512,0,0,0,0.0006159753,0,0.0073534338,0.7716844699,0.0056745307,SVN
South Africa,12454.1909220073,53157490,0.64801,0.7333333333,0.7166666667,0.4122181909,3,0.2,1.5,0.06,0.8,0.05,0.0173909766,1,0.1065964618,0.8,0.2,15186.3290555226,1525.6383879459,0.2775108,0.1365319,1.0394860837,0.842055665,37488.9786446933,1107.1776820111,0.0051464354,0.005319932,0.641600854,0.7,0.48,0.48,0.6,0.0007288525,0.0009047498,0,0,0,0.0010005175,0,0.0043104791,0.5512805247,0.0023762832,ZAF
Spain,31682.6447411771,46617825,0.79579,0.8,0.7166666667,0.1829992967,3,0.2,1.5,0.06,0.8,0.05,0.0446903297,1,0.4336614242,0.8,0.2,37460.7670758493,8570.1554024884,0.4078074,0.2691136,1.1680997727,0.327600909,206596.904890321,39261.7383905346,0.0096779307,0.0106248029,0.1,0.105,0.64,0.64,0.8,0.0001159527,0.0011684351,0,0,0,0.001292114,0,0.0007591988,0.7952579336,0.0006037589,ESP
Sri Lanka,9425.737382586,20483000,0.18356,0.6666666667,0.5083333333,0.3379608026,3,0.2,1.5,0.06,0.8,0.05,0.0623516032,1,0.0812992115,0.8,0.2,10872.5880708129,3638.3346296782,0.3275283,0.2101409,1.1492483044,0.4030067822,32181.6447469564,10723.5778111076,0.0043450803,0.0036917213,0.6738905766,0.7,0.64,0.64,0.8,0,0.0009382161,0.0001360615,1.24312999371777E-005,1.20761199389727E-005,0.0007952153,0.145021476,0.0025828338,0.7061965765,0.0018239884,LKA
Sudan,3264.7729779456,37964306,0.33806,0.6666666667,0.3333333333,0.9487533645,3,0.2,1.5,0.06,0.8,0.05,0.1054088807,1,0.0597383613,0.8,0.2,3803.0524226844,1111.6551989905,0.04988819,0.008296447,1.25,0,3989.8625445342,1246.1435001783,0.0100195262,0.007201057,0.6,0.7,0.48,0.48,0.6,4.42617855759499E-005,0.0029959337,0,0,0,0.0021144634,0,0.0033364757,0.5018172393,0.001674301,SDN
Swaziland,6470.8841903439,1249514,0.21308,0.6,0.4166666667,0.1903806069,3,0.2,1.5,0.06,0.8,0.05,0.0226918691,1,0.1095579402,0.8,0.2,7761.0167257938,1310.3540485447,0.2348936,0.09158991,1.1708468366,0.3166126535,40885.0980722386,6405.5989282489,0.0185556033,0.0198803303,0.3,0.538,0.48,0.48,0.6,0.0016476422,0.0019179298,0,0,0,0.0022400627,0,0.009631743,0.5651400089,0.0054432833,SWZ
Sweden,43540.4943919326,9600379,0.85815,0.7333333333,0.9166666667,0.3573676438,3,0.2,1.5,0.06,0.8,0.05,0.0340465157,1,0.3582283205,0.8,0.2,49244.2991572758,20725.2753305599,0.6711392,0.5881995,1.0982175937,0.6071296251,140026.760665096,49076.4571192468,0.0016455406,0.0018197211,0.2608689375,0.3,0.64,0.64,0.8,0,0.0001469607,0,0,0,0.0001625165,0,0.0001256465,0.732895189,9.20857161100328E-005,SWE
Syrian Arab Republic,4959.3925233645,22845550,0.57656,0.6666666667,0.3333333333,0.2707507565,3,0.2,1.5,0.06,0.8,0.05,0.055289079,1,0.1165897755,0.8,0.2,5723.1389719626,1904.406728972,0.05367074,0.04674114,1.2130229698,0.1479081209,20995.3501520975,7604.5396703521,0.0129423431,0.0129976492,0.5,0.7,0.48,0.48,0.6,0.0014138364,0.0008431634,0,0,0,0.0008543485,0,0.0062405163,0.6594852859,0.0041155287,SYR
Tajikistan,2431.6590685453,8207834,0.26782,0.6,0.3333333333,0.3854263245,3,0.2,1.5,0.06,0.8,0.05,0.0749447834,1,0.2350985241,0.8,0.2,2785.7694204022,1015.2176611177,0.004779077,0,1.0609609194,0.7561563225,7391.9353673564,1977.315448167,0.1030461974,0.1053428358,0.1259775921,0.4342145962,0.48,0.48,0.6,0.0206819283,0.013453175,0,0,0,0.0141321204,0,0.0218118822,0.5639999909,0.0123019014,TJK
Tanzania,2364.7027567608,49253126,0.31608,0.6666666667,0.3333333333,0.4132043671,3,0.2,1.5,0.06,0.8,0.05,0.0199402326,1,0.0550871596,0.8,0.2,2737.4390287952,873.7576686231,0.1723204,0.0399119,1.1716744377,0.3133022491,6620.2160594868,2133.3391068387,0.00950966,0.009109841,0.4424472127,0.7,0.64,0.64,0.8,0.0011270567,0.0016836815,0,0,0,0.0014783544,0,0.004724063,0.5964181937,0.0028175171,TZA
Thailand,13931.8114713267,67010502,0.50374,0.6666666667,0.7416666667,0.240336363,3,0.2,1.5,0.06,0.8,0.05,0.170328057,1,0.4966838477,0.8,0.2,16237.5262698313,4708.9522773084,0.4738743,0.3508187,1.200229795,0.1990808201,65574.9837355597,27539.9231932223,0.026003553,0.0285702639,0.123626645,0.6523446,0.64,0.64,0.8,0.0001481559,0.0102032369,0,0,0.000000091,0.0112832492,0,0.0128050942,0.5108468809,0.0065414424,THA
Togo,1345.914276292,6816982,0.39964,0.2,0.25,0.3708920312,3,0.2,1.5,0.06,0.8,0.05,0.0233160532,1,0.0940847835,0.8,0.2,1600.9650316493,325.7112548627,0.04994747,0.01588689,1.1904806051,0.2380775797,4316.1562574721,879.6617576439,0.0065929431,0.0073579292,0.69739886,0.7,0.16,0.16,0.2,0,0.0017735631,0,0,0,0.0019793515,0,0.0053725088,0.5993739079,0.0032201416,TGO
Turkey,18567.1347101229,74932641,0.73397,0.8666666667,0.6916666667,0.4121669094,3,0.2,1.5,0.06,0.8,0.05,0.0290534085,1,0.2090286384,0.8,0.2,21862.8011211697,5384.4690659356,0.05568721,0.02105567,1.1489184619,0.4043261525,53383.8155985743,11702.7939097845,0.0124915005,0.0127353963,0.2210385375,0.7,0.64,0.64,0.8,0.0045414614,0.0004656117,0,0,0,0.0005148966,0,0.0061030113,0.4828323299,0.0029467312,TUR
Uganda,1620.5769390933,37578876,0.16101,0.6666666667,0.5916666667,0.5735745521,3,0.2,1.5,0.06,0.8,0.05,0.0055286112,1,0.139793083,0.8,0.2,1908.0267736649,470.7776008066,0.2165355,0.086366,0.9995660134,1.0017359463,3408.1965819968,494.2084379531,0.0132973552,0.0174598624,0.382020597,0.7,0.48,0.48,0.6,0.0012651082,0.0013591057,0,0,0,0.002677641,0,0.0035553402,0.4884095363,0.0017364621,UGA
Ukraine,8508.0147873102,45489600,0.69695,0,0.05,0.2458541924,3,0.2,1.5,0.06,0.8,0.05,0.0394241321,1,0.3205803171,0.8,0.2,9549.1830969073,4343.3415489219,0.08083077,0.01426494,1.053105151,0.7875793959,39971.9196528076,13142.0082709357,0.010244342,0.0113069274,0.4153083161,0.7,0,0,0,2.88261726279256E-005,0.0033156365,0,0,0,0.0036665965,0,0.0082211294,0.7322187119,0.0060196648,UKR
United Kingdom,36931.4742257195,64106779,0.82592,0.8,0.8916666667,0.3031281747,3,0.2,1.5,0.06,0.8,0.05,0.0397023688,1,0.429811288,0.8,0.2,43500.6602036194,10654.7303141201,0.4958916,0.4119409,1.1352035017,0.4591859931,147424.758980715,19473.5402722893,0.0072789372,0.0075717534,0.2616344,0.3,0.8,0.8,1,0.000434372,0.0003173063,2.08119575780863E-006,0,1.24215797475294E-006,0.0003508932,0.0065589482,0.0008242017,0.7279236873,0.0005999559,GBR
United States,51340.4876279117,316128839,0.81617,0.7333333333,0.9166666667,0.3187368533,3,0.2,1.5,0.06,0.8,0.05,0.0369569689,1,0.11538,0.8,0.2,61159.3558867498,12065.0145925592,0.620944,0.3361419,0.9292121685,1.2831513261,197385.506516585,15832.1735102495,0.0061469346,0.0065054641,0.2784891517,0.3927198495,0.64,0.64,0.8,0.0009274409,0.0003761352,0.0005511464,0,0.0012686407,0.000415949,1.4652881687,0.0036771135,0.6645192164,0.0024435126,USA
Uruguay,18965.8165353822,3407062,0.95311,0.6666666667,0.6333333333,0.291886654,3,0.2,1.5,0.06,0.8,0.05,0.0175418841,1,0.2125739772,0.8,0.2,22467.3804132271,4959.5610240025,0.08380116,0.01661895,1.1787306874,0.2850772505,77076.3552261645,16577.8219120326,0.0036408007,0.0040261793,0.4000574125,0.7,0.48,0.48,0.6,0,0.0004773212,0,0,0,0.0005278457,0,0.0010313513,0.5848375108,0.0006031729,URY
Uzbekistan,5002.1491200742,30243200,0.36365,0,0,0.7301836567,3,0.2,1.5,0.06,0.8,0.05,0.0464219162,1,0.2438273564,0.8,0.2,5787.4865319258,1860.7994726676,0.009112436,0.006892152,1.072198898,0.7112044081,8113.3911069596,1799.1134701329,0.0526153026,0.053368838,0.1259775921,0.4342145962,0,0,0,0.0099499723,0.0027774194,0,0,0,0.0030714092,0,0.0056537553,0.4399238202,0.0024872216,UZB
"Venezuela, RB",17614.5982099448,30405207,0.8899,0,0.05,0.3131698079,3,0.2,1.5,0.06,0.8,0.05,0.0334826003,1,0.1052365407,0.8,0.2,21089.0777068564,3716.6802222984,0.1806533,0.06972021,1.1813559336,0.2745762657,67445.855995392,11447.3614926275,0.0091882113,0.0095186425,0.6764212742,0.7,0,0,0,0.002613792,0.000193046,1.86518426450455E-005,0,2.75668976633186E-005,0.0002487887,0.09661866,0.0100435919,0.6149866873,0.0061766753,VEN
Vietnam,5124.6035198023,89708900,0.33593,0.5333333333,0.5916666667,0.269704551,3,0.2,1.5,0.06,0.8,0.05,0.2109005508,1,0.2473288002,0.8,0.2,5955.4298654502,1801.2981372105,0.1027114,0.03995232,1.1632366343,0.3470534629,22074.3695458964,6706.5456806616,0.0448058074,0.0411467864,0.217246825,0.3,0.64,0.64,0.8,3.63183696492799E-005,0.0210674955,0.0003827614,0,0.0003230956,0.0192980555,0.0181683401,0.0207119124,0.7261344266,0.0150396326,VNM
"Yemen, Rep.",3832.284739919,24407381,0.34606,0.3333333333,0.1666666667,0.2191314757,3,0.2,1.5,0.06,0.8,0.05,0.0198327467,1,0.0807873654,0.8,0.2,4414.7920203866,1502.2556180482,0.01687924,0,1.1169201633,0.5323193467,20200.6911773202,6639.8249135363,0.0214050474,0.0218706503,0.3,0.3,0.16,0.16,0.2,0.0019326639,0.0019177303,0,0,0,0.0020303184,0,0.0067650062,0.76534535,0.005177566,YEM
Zambia,3799.5404355805,14538640,0.40922,0.8666666667,0.5416666667,0.4257502493,3,0.2,1.5,0.06,0.8,0.05,0.0185922119,1,0.1081690505,0.8,0.2,4579.3961099834,680.1177379689,0.1767887,0.02737125,1.1900688417,0.2397246334,10772.4944947808,1531.727368241,0.0084785602,0.0138073058,0.4424472127,0.7,0.64,0.64,0.8,0.0007873851,0.0011856721,0,0,0,0.0030090529,0,0.0049965248,0.3956280076,0.0019767652,ZMB
