country,ISO,H,T_rebuild_K,T_rebuild_L,alpha,avg_prod_k,axfin_p,axfin_r,axhealth,bashs,borrow_abi,cp,cr,dC_destitution,dKpc,dKtot,dW_destitution,dW_no_transfers,dW_noupscale,dWsurWprime,delta_W,destitution_exposure,equivalent_cost,fa,fap,far,faref,finance_pre,gdp_pc_pp,income_elast,individual_exposure,institutional_exposure,iso3,macro_multiplier,ophe,original_country,pe,peref,pi,plgp,pop,pov_head,prepare_scaleup,protection,protectionref,pv,rating,resilience,resilience_no_shock,resilience_no_shock_no_SP,resilience_no_shock_no_uspcale,risk,risk_to_assets,rp,share1,share1_ref,shew,sigma_p,sigma_r,social_p,social_r,tot_p,tot_r,total_equivalent_cost,total_equivalent_cost_no_destitution,total_equivalent_cost_of_destitution,unemp,v,v_p,v_r,v_s,v_shew
Albania,ALB,0.53565,3,40,1,0.18528,0.07585,0.09239,0.73918,0.993,0.1625,4407.71627,11349.24684,79755.60082,83.868,242996297.91744,0,0,0,113.84761,0,0.00057,118.08878,0.07071,0.06364,0.07248,0.07368,0,9960.94073,1.5,0.00392,0.14472,ALB,1.12901,0.51465,Albania,-0.1,-0.1,0.2,0.98667,2897366,0.2,0,15.54,15.54,0.86318,0.325,0.71021,0.73667,0.6614,0.72824,0.01186,0.00842,85.33087,0.0885,0.0885,0,0.04063,0.04063,0.26295,0.17936,0.29289,0.2127,342146407.70659,329858189.99902,12288217.70758,0.16,0.33813,0.63,0.31325,0.31325,0.33813
Argentina,ARG,0.53565,3,40,1,0.26955,0.00437,0.06037,0.8855,0.982,0.23333,4141.96794,21573.50334,144821.18153,20.13834,834658783.80912,0,0,0,37.22996,0,0.00026,38.08258,0.07364,0.08601,0.07055,0.07206,0.4,18087.19626,1.5,0.00358,0.07284,ARG,1.20938,0.21099,Argentina,0.16797,0.16797,0.2,0.97097,41446246,0.2,0.66667,64.41,64.41,0.95066,0.06667,0.52881,0.54092,0.46009,0.50028,0.00211,0.00111,265.59147,0.0458,0.0458,0.8,0.225,0.225,0.20015,0.14265,0.38012,0.33555,1578379840.69757,1543042216.09955,35337624.59802,0.075,0.32297,0.5292,0.2562,0.305,0.27129
Armenia,ARM,0.53565,3,40,1,0.3667,0.0019,0.01239,0.72403,0.995,0.3875,3300.51777,8583.41608,60266.13123,6.95181,20692527.82119,0,0,0,9.98613,0,0.00001,10.06378,0.03473,0.04056,0.03327,0.038,0.4,7526.83642,1.5,0.00006,0.1606,ARM,1.30202,0.54695,Armenia,0.16797,0.16797,0.2,0.95617,2976566,0.2,0.4,11.46,11.46,0.04497,0.375,0.69078,0.69615,0.68203,0.69333,0.00134,0.00092,66.17568,0.0877,0.0877,0.4,0.19688,0.19688,0.50506,0.24573,0.6025,0.39422,29955503.64646,29724377.96512,231125.68135,0.162,0.12441,0.1196,0.11385,0.12375,0.11445
Australia,AUS,0.53565,3,40,1,0.2736,0.52015,0.68547,0.90291,1,0.9,15056.15689,49778.48173,342964.87013,23.17135,535937149.77911,0,0,0,32.40848,0,0.00001,32.48227,0.04256,0.04971,0.04077,0.04109,0.8,42834.01676,1.5,0.00028,0.0519,AUS,1.21324,0.19417,Australia,0.16797,0.16797,0.2,0.99838,23129300,0.2,0.8,100,100,0.40977,1,0.71335,0.71498,0.60166,0.6798,0.00076,0.00054,370.67677,0.0703,0.0703,1,0.425,0.425,0.578,0.126,0.75735,0.49745,751292174.51112,749585424.93898,1706749.57214,0.057,0.44688,0.504,0.344,0.43,0.35751
Austria,AUT,0.53565,3,40,1,0.23228,0.43808,0.56789,0.92097,1,0.48333,18635.79562,50411.36912,352751.12439,4.30253,36484677.13293,0,0,0,6.19499,0,0.00002,6.21423,0.08724,0.10189,0.08357,0.07922,0,44056.25442,1.5,0.00052,0.04355,AUT,1.17383,0.15806,Austria,0.16797,0.16797,0.2,0.99738,8479823,0.2,0,600.59,600.59,1.99906,0.96667,0.69237,0.69452,0.47373,0.66499,0.00014,0.0001,1307.28774,0.0846,0.0846,0,0.12083,0.12083,0.51717,0.40816,0.57551,0.47968,52695567.8274,52532446.60671,163121.22069,0.049,0.16005,0.48,0.124,0.124,0.16005
Azerbaijan,AZE,0.53565,3,40,1,0.59822,0.00113,0.02468,0.6417,0.994,0.275,6745.13123,19055.20314,132858.91118,11.7691,110827245.71671,0,0,0,19.89063,0,0.00001,20.05059,0.04881,0.05701,0.04676,0.05713,0,16593.18876,1.5,0.00008,0.14381,AZE,1.52282,0.71059,Azerbaijan,0.16797,0.16797,0.2,0.98186,9416801,0.2,0,13.95,13.95,0.04536,0.55,0.58697,0.59169,0.57784,0.59136,0.00121,0.00071,78.06416,0.0813,0.0813,0,0.06875,0.06875,0.85713,0.38777,0.86695,0.42986,188812445.37245,187306105.91194,1506339.46051,0.055,0.12436,0.13,0.12375,0.12375,0.12436
Bangladesh,BGD,0.53565,3,40,1,0.28971,0.14566,0.18231,0.37086,0.344,0.6,1266.9308,3250.07698,22847.08294,13.92431,2180477233.51227,0,0,0,20.01099,0,0.00252,21.68684,0.22208,0.22652,0.22097,0.22001,0.8,2853.44774,1.5,0.00748,0.33671,BGD,1.2286,0.60229,Bangladesh,0.02,0.02,0.2,0.66201,156594962,0.2,0.66667,50,50,0.65799,0.4,0.64206,0.69583,0.63093,0.64107,0.0076,0.00488,218.49824,0.0888,0.0888,0.8,0.31667,0.31667,0.05676,0.05538,0.35545,0.35451,3396049532.24232,3133619952.80012,262429579.4422,0.043,0.37998,0.5292,0.2982,0.355,0.31918
Belarus,BLR,0.53565,3,40,1,0.38644,0.04173,0.08594,0.84072,1,0.525,7990.06058,19320.68277,136553.02086,22.33449,211418245.62424,0,0,0,32.35359,0,0.00003,32.70208,0.03397,0.03968,0.03254,0.03564,0.8,17054.55833,1.5,0.00033,0.07687,BLR,1.32086,0.31856,Belarus,0.16797,0.16797,0.2,0.98668,9466000,0.2,0.73333,14.45,14.45,1.40348,0.25,0.68297,0.69032,0.49774,0.63269,0.00192,0.00131,80.35917,0.0937,0.0937,0.8,0.31458,0.31458,0.49175,0.31017,0.65163,0.52718,309557843.71944,306259092.85403,3298750.86541,0.058,0.26212,0.5292,0.18123,0.21575,0.22018
Belgium,BEL,0.53565,3,40,1,0.21669,0.43804,0.41742,0.90044,1,0.44167,16954.24581,46522.65356,325149.30573,13.96357,156152017.40166,0,0,0,18.19683,0,0.00002,18.25113,0.11046,0.12901,0.10582,0.10099,0,40608.97201,1.5,0.00023,0.10614,BEL,1.15897,0.19912,Belgium,0.16797,0.16797,0.2,0.86513,11182817,0.2,0,213.02,213.02,1.24042,0.88333,0.76508,0.76736,0.56036,0.75247,0.00045,0.00034,646.28025,0.0835,0.0835,0,0.11042,0.11042,0.65117,0.40252,0.68969,0.46849,204099070.5199,203491792.39771,607278.12219,0.084,0.14729,0.33,0.127,0.127,0.14729
Benin,BEN,0.53565,3,40,1,0.33025,0.0162,0.10626,0.70018,0.809,0,532.12599,2033.60525,13878.32097,14.76768,152453763.03429,0,0,0,30.28376,0,0.00162,35.44459,0.03468,0.06382,0.0274,0.04386,0,1733.3094,1.5,0.00626,0.25916,BEN,1.26727,0.40864,Benin,0.84,0.84,0.2,0.53235,10323474,0.2,0,6.35,6.35,0.04498,0,0.41664,0.48764,0.48204,0.48764,0.02045,0.00852,40.29787,0.0614,0.0614,0,0,0,0.04726,0.07453,0.04726,0.07453,365911317.94233,312633650.88344,53277667.05888,0.01,0.60288,0.63,0.59875,0.59875,0.60288
Bolivia,BOL,0.53565,3,40,1,0.42183,0.08907,0.2258,0.82113,0.8404,0.40833,985.1084,7171.70787,47515.66059,20.74872,221413730.26265,0,0,0,41.74152,0,0.00013,43.08421,0.04346,0.03998,0.04433,0.04649,0.4,5934.38798,1.5,0.00164,0.07919,BOL,1.35461,0.19813,Bolivia,-0.08,-0.08,0.2,0.96731,10671200,0.2,0.53333,6.7,6.7,1.47893,0.41667,0.48159,0.49708,0.38944,0.45927,0.00726,0.0035,42.16294,0.0332,0.0332,0.6,0.23542,0.23542,0.34721,0.22687,0.50089,0.40888,459760230.62388,445432061.11988,14328169.504,0.026,0.25414,0.5544,0.2134,0.2425,0.22364
Bosnia and Herzegovina,BIH,0.53565,3,40,1,0.32393,0.03456,0.07855,0.85432,0.999,0.1375,3506.17524,10857.64373,75162.95524,76.44569,292733999.51948,0,0,0,128.15219,0,0.00218,140.86389,0.13255,0.15481,0.12698,0.13678,0,9387.35003,1.5,0.01087,0.20065,BIH,1.26124,0.29036,Bosnia and Herzegovina,0.16797,0.16797,0.2,0.82772,3829307,0.2,0,18.78,18.78,0.64124,0.275,0.54269,0.59652,0.5528,0.5913,0.01501,0.00814,99.63561,0.0747,0.0747,0,0.03438,0.03438,0.21952,0.12546,0.24635,0.15552,539411062.40638,490734088.84935,48676973.55703,0.284,0.38386,0.63,0.35963,0.35963,0.38386
Botswana,BWA,0.53565,3,40,1,0.28118,0.08854,0.21645,0.94583,0.946,0.8625,2165.01845,18517.00638,122077.06869,42.34809,85591591.97852,0,0,0,74.00612,0,0.00023,76.43612,0.03028,0.03536,0.02901,0.03495,1,15246.6088,1.5,0.00222,0.10282,BWA,1.22047,0.05434,Botswana,0.16797,0.16797,0.2,0.92972,2021144,0.2,0.73333,16.67,16.67,0.12988,0.725,0.55403,0.57222,0.52295,0.54093,0.00501,0.00278,90.40376,0.0284,0.0284,1,0.39896,0.39896,0.23279,0.04378,0.53887,0.42527,154488405.66945,149577021.39787,4911384.27158,0.184,0.55758,0.504,0.444,0.555,0.44606
Brazil,BRA,0.53565,3,40,1,0.26558,0.06362,0.12968,0.84059,0.9808,0.59167,2467.08643,17577.08114,116540.12984,63.84727,12792561941.7436,0,0,0,105.95763,0,0.00052,109.93714,0.0489,0.05711,0.04685,0.04966,0.6,14555.0822,1.5,0.00379,0.13739,BRA,1.20559,0.29961,Brazil,0.16797,0.16797,0.2,0.80625,200361925,0.2,0.86667,22.17,22.17,0.10514,0.58333,0.58076,0.60257,0.54605,0.57315,0.00755,0.00439,114.04474,0.0339,0.0339,0.2,0.36458,0.36458,0.22567,0.20561,0.50798,0.49523,22027217973.1743,21229875557.8503,797342415.32401,0.059,0.57006,0.6048,0.5448,0.5675,0.54726
Bulgaria,BGR,0.53565,3,40,1,0.32308,0.01463,0.07025,0.79933,0.995,0.675,5030.2532,18361.20894,125667.40518,22.07039,160343912.74136,0,0,0,32.49607,0,0.00005,32.82414,0.04014,0.04688,0.03845,0.04066,0.8,15695.01779,1.5,0.00042,0.12009,BGR,1.26043,0.39633,Bulgaria,0.16797,0.16797,0.2,0.96939,7265115,0.2,0.66667,28.32,28.32,0.60385,0.55,0.67238,0.67917,0.54149,0.65603,0.00209,0.00141,138.96412,0.0641,0.0641,0.8,0.33542,0.33542,0.66309,0.40446,0.7761,0.60422,238471178.25962,236087718.55024,2383459.70937,0.129,0.39281,0.5292,0.31332,0.373,0.32996
Burkina Faso,BFA,0.53565,3,40,1,0.40567,0.03739,0.1071,0.66333,0.659,0.525,547.82935,1901.09828,13054.69875,9.42302,159577273.51035,0,0,0,12.66072,0,0.00006,13.30421,0.00803,0.00562,0.00864,0.0112,0.8,1630.4445,1.5,0.00029,0.22564,BFA,1.33919,0.33234,Burkina Faso,-0.3,-0.3,0.2,0.69074,16934839,0.2,0.8,1.9,1.9,0.04974,0.25,0.70827,0.74427,0.69814,0.7314,0.00816,0.00578,14.16432,0.0672,0.0672,0.6,0.33125,0.33125,0.49468,0.32352,0.66206,0.5476,225304680.52917,214407244.48174,10897436.04743,0.031,0.60015,0.5544,0.5269,0.59875,0.52813
Cambodia,KHM,0.53565,3,40,1,0.45929,0.00218,0.01208,0.5713,0.74,0.15,1323.11434,3348.62725,23568.31397,34.52838,522592848.65468,0,0,0,61.15148,0,0.00165,71.84582,0.11257,0.08443,0.1196,0.1598,0,2943.52467,1.5,0.00627,0.26313,KHM,1.39033,0.5974,Cambodia,-0.25,-0.25,0.2,0.6423,15135169,0.2,0,5.29,5.29,1.57392,0.3,0.48059,0.56464,0.55187,0.55701,0.02441,0.01173,34.4851,0.0899,0.0899,0,0.0375,0.0375,0.02479,0.02824,0.06136,0.06468,1087398609.87245,925538023.11577,161860586.75668,0.003,0.24476,0.63,0.2179,0.2179,0.24476
Cameroon,CMR,0.53565,3,40,1,0.41974,0.09631,0.10153,0.51058,0.636,0.15,869.7417,3206.74451,21933.47277,5.05282,112445244.34176,0,0,0,14.42863,0,0.00045,16.58684,0.03281,0.04528,0.02969,0.03702,0,2739.34394,1.5,0.00164,0.27729,CMR,1.35261,0.61484,Cameroon,0.38,0.38,0.2,0.69755,22253959,0.2,0,6.73,6.73,2.26807,0.3,0.30463,0.35019,0.30903,0.34224,0.00606,0.00184,42.32173,0.0635,0.0635,0,0.0375,0.0375,0.14992,0.02986,0.1818,0.06624,369122961.09152,321094062.19357,48028898.89795,0.04,0.16982,0.555,0.13,0.13,0.16982
Canada,CAN,0.53565,3,40,1,0.33548,0.3689,0.64163,0.92439,1,0.8,14874.10324,48655.07714,335477.40403,6.37796,224212734.05739,0,0,0,9.16395,0,0,9.16896,0.0379,0.04427,0.03631,0.03686,0.6,41898.88236,1.5,0.00002,0.04941,CAN,1.27226,0.15122,Canada,0.16797,0.16797,0.2,0.99838,35154279,0.2,0.86667,84.08,84.08,0.83954,1,0.6956,0.69598,0.54238,0.65873,0.00022,0.00015,325.86868,0.071,0.071,0.8,0.41667,0.41667,0.631,0.14,0.78475,0.49833,322328158.94714,322151882.32035,176276.62678,0.071,0.13862,0.2142,0.10733,0.12778,0.11644
Colombia,COL,0.53565,3,40,1,0.27978,0.02795,0.13651,0.92563,0.9905,0.7,1984.18859,14535.68457,96285.26681,12.24582,591735417.22187,0,0,0,45.88616,0,0.00033,48.24227,0.03212,0.07034,0.02256,0.0342,0.8,12025.38537,1.5,0.00299,0.11075,COL,1.21913,0.13925,Colombia,1.19,1.19,0.2,0.84712,48321405,0.2,0.73333,19.71,19.71,1.27484,0.6,0.25384,0.26687,0.19603,0.21253,0.00401,0.00102,103.63965,0.033,0.033,0.8,0.35833,0.35833,0.12269,0.08733,0.43706,0.41437,2331134492.72424,2217283708.86909,113850783.85515,0.105,0.27694,0.5292,0.20108,0.23938,0.23263
"Congo, Dem. Rep.",COD,0.53565,3,40,1,0.23706,0.00871,0.01916,0.73698,0.801,0.125,214.22141,925.51872,6271.42698,22.82434,1540954844.3583,0,0.00002,0.00002,34.14621,0.00002,0.00086,38.00639,0.02713,0.02469,0.02774,0.03633,0,783.25925,1.5,0.00407,0.21192,COD,1.17839,0.32705,"Congo, Dem. Rep.",-0.09,-0.09,0.2,0.70725,67513677,0.2,0,2.04,2.04,0.23258,0.25,0.60054,0.66843,0.65906,0.66283,0.04852,0.02914,15.06552,0.0547,0.0547,0,0.03125,0.03125,0.01298,0.03018,0.04383,0.06048,2565951024.46596,2305336244.97885,260614779.48711,0.08,0.51112,0.63,0.505,0.505,0.51112
"Congo, Rep.",COG,0.53565,3,40,1,0.37275,0.01771,0.08744,0.85424,0.925,0.175,1593.30451,6701.96135,45480.65966,21.96295,97683130.81714,0,0,0,57.95963,0,0.00025,62.85626,0.03212,0.03751,0.03077,0.03485,0,5680.22998,1.5,0.0015,0.16928,COG,1.3078,0.21653,"Congo, Rep.",0.16797,0.16797,0.2,0.70291,4447632,0.2,0,3.43,3.43,2.49683,0.35,0.34942,0.37894,0.32914,0.36937,0.01107,0.00387,23.62752,0.0561,0.0561,0,0.04375,0.04375,0.17197,0.15214,0.2082,0.18924,279561494.13841,257783123.19716,21778370.94125,0.065,0.15871,0.555,0.13,0.13,0.15871
Costa Rica,CRI,0.53565,3,40,1,0.4819,0.07918,0.27923,0.87877,0.991,0.74167,2827.17145,16081.63615,107537.73398,4.15861,20261461.11676,0,0,0,8.95326,0,0.00002,9.1571,0.01833,0.0214,0.01756,0.02003,1,13430.74321,1.5,0.00021,0.10668,CRI,1.41189,0.23345,Costa Rica,0.16797,0.16797,0.2,0.8772,4872166,0.2,0.93333,17.02,17.02,2.51646,0.48333,0.45414,0.46448,0.27279,0.38112,0.00068,0.00031,91.95005,0.0421,0.0421,1,0.41875,0.41875,0.46967,0.20281,0.69174,0.53663,44614898.01162,43621760.62804,993137.38357,0.076,0.17916,0.504,0.124,0.155,0.14333
Croatia,HRV,0.53565,3,40,1,0.23052,0.07799,0.15243,0.93769,1,0.63333,8029.61936,23053.82911,160528.91597,17.67741,75229773.90337,0,0,0,23.51582,0,0.00013,23.68188,0.11574,0.13518,0.11088,0.10141,0.8,20048.98716,1.5,0.00157,0.08164,HRV,1.17216,0.12463,Croatia,0.16797,0.16797,0.2,0.9944,4255700,0.2,0.8,179.79,179.79,0.63391,0.46667,0.74645,0.75172,0.60304,0.71249,0.00118,0.00088,574.62066,0.0801,0.0801,0.8,0.35833,0.35833,0.54942,0.27049,0.71088,0.5319,100782974.48219,100076262.38151,706712.10069,0.177,0.38558,0.5292,0.30209,0.35963,0.32388
Czech Republic,CZE,0.53565,3,40,1,0.2398,0.26152,0.41788,0.92096,0.999,0.90833,13120.06268,31875.56493,225187.92393,28.93061,304184264.73402,0,0,0,37.95781,0,0.00003,38.0744,0.07016,0.08195,0.06722,0.06908,1,28124.46448,1.5,0.0006,0.05184,CZE,1.18101,0.15708,Czech Republic,0.16797,0.16797,0.2,0.99251,10514272,0.2,0.53333,86.78,86.78,0.61498,0.81667,0.75984,0.76218,0.63106,0.71711,0.00135,0.00103,333.63306,0.0933,0.0933,1,0.36042,0.36042,0.4058,0.45012,0.61996,0.6483,400324592.79799,399098708.70223,1225884.09575,0.069,0.3901,0.504,0.288,0.36,0.31208
Denmark,DNK,0.53565,3,40,1,0.23011,0.4419,0.64744,0.93604,1,0.5,19393.36737,48255.07373,340152.19495,4.77056,26786385.93623,0,0,0,6.12415,0,0,6.12748,0.00542,0.00633,0.00519,0.00607,0,42482.73246,1.5,0,0.04836,DNK,1.17176,0.12792,Denmark,0.16797,0.16797,0.2,0.98887,5614932,0.2,0,25.74,25.74,0.03548,1,0.77855,0.77898,0.75761,0.77717,0.00014,0.00011,128.64921,0.0913,0.0913,0,0.125,0.125,0.67681,0.35351,0.71721,0.43432,34405401.85697,34386694.16555,18707.69142,0.07,0.12555,0.13,0.125,0.125,0.12555
Dominican Republic,DOM,0.53565,3,40,1,0.37715,0.05701,0.22953,0.79793,0.986,0.475,2954.76538,14005.64688,94444.37719,1.71399,17831955.23121,0,0,0,2.29273,0,0.00001,2.31725,0.03555,0.02133,0.0391,0.03485,0.6,11795.47058,1.5,0.00009,0.14656,DOM,1.31199,0.39015,Dominican Republic,-0.4,-0.4,0.2,0.91139,10403761,0.2,0.66667,76.96,76.96,0.36988,0.35,0.73967,0.74758,0.71519,0.72935,0.0002,0.00015,304.79078,0.0501,0.0501,0.8,0.28542,0.28542,0.19175,0.11761,0.42244,0.36946,24108109.87096,23852997.86515,255112.00582,0.149,0.1314,0.1512,0.1092,0.13,0.11037
Ecuador,ECU,0.53565,3,40,1,0.25747,0.09388,0.17697,0.73253,0.905,0.55,2266.24133,12609.26137,84397.29585,75.12397,1182291924.12031,0,0,0,116.55017,0,0.00055,120.25358,0.06609,0.07719,0.06331,0.06926,0.8,10540.65737,1.5,0.00396,0.14015,ECU,1.19786,0.43994,Ecuador,0.16797,0.16797,0.2,0.889,15737878,0.2,0.8,18.4,18.4,0.04935,0.3,0.62471,0.64456,0.59521,0.62087,0.01141,0.00713,97.99187,0.043,0.043,0.6,0.3375,0.3375,0.27929,0.17365,0.52253,0.45254,1892536223.7956,1834252280.84481,58283942.9508,0.042,0.60037,0.5544,0.5269,0.59875,0.52833
"Egypt, Arab Rep.",EGY,0.53565,3,40,1,0.49278,0.00209,0.01017,0.60466,0.789,0.43333,4964.23853,12175.80127,85941.26454,50.37434,4133535961.24176,0,0,0,92.61361,0,0.0022,101.38589,0.18958,0.29954,0.16209,0.2004,0.6,10733.48872,1.5,0.01177,0.18712,EGY,1.42227,0.57969,"Egypt, Arab Rep.",0.58,0.58,0.2,0.96098,82056378,0.2,0.66667,31.41,31.41,0.33413,0.26667,0.49686,0.54392,0.50328,0.51517,0.00945,0.00469,151.03652,0.0925,0.0925,0.6,0.275,0.275,0.10013,0.11928,0.3476,0.36148,8319359058.65316,7599537227.92997,719821830.7232,0.127,0.47222,0.5544,0.3894,0.4425,0.41555
El Salvador,SLV,0.53565,3,40,1,0.13424,0.04985,0.18162,0.85531,0.995,0.49167,2141.79856,8858.40368,60172.0208,19.01482,120562600.45788,0,0,0,29.44447,0,0.00004,29.92056,0.00829,0.00968,0.00794,0.009,0.6,7515.08266,1.5,0.0003,0.12326,SLV,1.08034,0.28437,El Salvador,0.16797,0.16797,0.2,0.83789,6340454,0.2,0.66667,6.82,6.82,0.9248,0.38333,0.63551,0.64579,0.51836,0.57188,0.00398,0.00253,42.7977,0.057,0.057,0.6,0.28958,0.28958,0.18429,0.17737,0.42051,0.41559,189709965.38761,186691323.38088,3018642.00672,0.063,0.32731,0.5544,0.2684,0.305,0.28803
Estonia,EST,0.53565,3,40,1,0.28006,0.18929,0.3583,0.90456,0.998,0.40833,9053.47554,29303.84012,202202.72679,4.6898,6181143.26644,0,0,0,7.19508,0,0.00001,7.23358,0.01923,0.02246,0.01842,0.01821,0,25253.7672,1.5,0.00009,0.07122,EST,1.2194,0.18887,Estonia,0.16797,0.16797,0.2,0.96979,1317997,0.2,0,46.5,46.5,1.35951,0.81667,0.64834,0.65181,0.49853,0.63541,0.00029,0.00019,206.53547,0.0717,0.0717,0,0.10208,0.10208,0.51852,0.34897,0.56767,0.41543,9533835.90826,9483095.29578,50740.61248,0.088,0.12926,0.305,0.11272,0.11272,0.12926
Finland,FIN,0.53565,3,40,1,0.21799,0.41186,0.66385,0.9068,0.999,0.89167,17818.75722,44071.33798,310831.88369,12.74931,69343115.13392,0,0,0,15.70496,0,0,15.70979,0.02959,0.03456,0.02835,0.02965,0.8,38820.82182,1.5,0.00001,0.05989,FIN,1.16021,0.1854,Finland,0.16797,0.16797,0.2,0.99552,5438972,0.2,0.86667,48.24,48.24,0.7938,0.98333,0.81155,0.8118,0.64346,0.76362,0.0004,0.00033,212.51247,0.0918,0.0918,0.8,0.43958,0.43958,0.57169,0.33562,0.75997,0.62767,85445125.84961,85418814.87157,26310.97804,0.082,0.14216,0.2142,0.10773,0.12825,0.11941
France,FRA,0.53565,3,40,1,0.22345,0.40226,0.55754,0.96301,1,0.95833,14533.16114,42887.71209,297988.7621,12.1638,802079303.60081,0,0,0,16.19818,0,0.00001,16.21991,0.07301,0.08528,0.06995,0.0714,1,37216.8019,1.5,0.00013,0.04754,FRA,1.16541,0.07399,France,0.16797,0.16797,0.2,0.99838,65939866,0.2,0.73333,122.61,122.61,2.05097,0.91667,0.74993,0.75094,0.46262,0.6375,0.00044,0.00033,430.86422,0.0781,0.0781,1,0.42292,0.42292,0.49639,0.37605,0.70938,0.63993,1069538539.08226,1068105556.14527,1432982.93699,0.104,0.15733,0.384,0.0992,0.124,0.12586
Gabon,GAB,0.53565,3,40,1,0.32991,0.01965,0.1313,0.752,0.893,0.19167,5463.38636,21942.11568,149298.39145,53.10541,88776890.95308,0,0,0,159.23267,0,0.0017,181.21169,0.08423,0.14487,0.06906,0.09396,0,18646.36981,1.5,0.00604,0.28197,GAB,1.26694,0.38901,Gabon,0.72,0.72,0.2,0.59809,1671711,0.2,0,16.85,16.85,1.92499,0.38333,0.29306,0.33351,0.27443,0.32365,0.00972,0.00285,91.19993,0.0586,0.0586,0,0.04792,0.04792,0.22084,0.12165,0.25817,0.16374,302933576.30969,266191000.20158,36742576.1081,0.196,0.21539,0.63,0.16125,0.16125,0.21539
Georgia,GEO,0.53565,3,40,1,0.36327,0.00157,0.01638,0.68946,0.998,0.6,1829.59692,8205.46499,55489.69401,9.4579,42439479.56315,0,0,0,11.89667,0,0,11.90541,0.08343,0.09744,0.07992,0.08372,0.8,6930.29138,1.5,0.00002,0.15178,GEO,1.29875,0.61907,Georgia,0.16797,0.16797,0.2,0.9982,4487200,0.2,0.66667,23.4,23.4,3.03935,0.4,0.79442,0.795,0.29145,0.78764,0.00172,0.00136,119.12904,0.0528,0.0528,0.4,0.31667,0.31667,0.9832,0.54281,0.98852,0.68759,53421955.05358,53382749.7602,39205.29338,0.143,0.15597,0.5796,0.11385,0.12375,0.14349
Germany,DEU,0.53565,3,40,1,0.27302,0.56982,0.51403,0.93557,1,0.9,17775.28818,49160.78646,343362.56997,12.02455,969802457.98894,0,0,0,15.90689,0,0,15.91017,0.07486,0.08744,0.07172,0.07208,0.8,42883.68681,1.5,0.00001,0.05167,DEU,1.21269,0.12885,Germany,0.16797,0.16797,0.2,0.96242,80651873,0.2,0.73333,106.88,106.88,0.53683,1,0.75578,0.75593,0.63856,0.73149,0.00037,0.00028,389.29933,0.0829,0.0829,0.8,0.40833,0.40833,0.64379,0.38332,0.78924,0.63513,1283184912.31221,1282920697.59997,264214.71223,0.053,0.13339,0.1722,0.10542,0.1255,0.11205
Greece,GRC,0.53565,3,40,1,0.23679,0.12937,0.24796,0.86807,1,0.5,7838.38172,28421.72908,194606.58239,9.97977,110052422.00351,0,0,0,16.60144,0,0.00003,16.93407,0.01725,0.02015,0.01653,0.0176,0.8,24305.05961,1.5,0.00019,0.15359,GRC,1.17814,0.26387,Greece,0.16797,0.16797,0.2,0.94417,11027549,0.2,0.86667,25.34,25.34,2.60007,0.2,0.58933,0.60114,0.37299,0.49933,0.0007,0.00041,127.04379,0.0645,0.0645,0.8,0.34167,0.34167,0.38459,0.49652,0.59486,0.66854,186741295.70759,183073148.01838,3668147.6892,0.273,0.175,0.5292,0.11487,0.13675,0.147
Guatemala,GTM,0.53565,3,40,1,0.64756,0.05336,0.13478,0.50737,0.523,0.53333,1366.59969,8486.51342,56548.51211,4.50799,69730564.99327,0,0,0,15.16621,0,0.00027,17.91656,0.03108,0.0363,0.02977,0.03233,0.6,7062.53067,1.5,0.00094,0.28445,GTM,1.56988,0.50825,Guatemala,0.16797,0.16797,0.2,0.66728,15468203,0.2,0.6,8.04,8.04,3.2118,0.46667,0.25161,0.29724,0.21003,0.24641,0.00254,0.00064,49.18195,0.0387,0.0387,0.8,0.28333,0.28333,0.21925,0.10472,0.44046,0.35838,277137016.87581,234594089.84148,42542927.03434,0.028,0.13177,0.4662,0.09324,0.111,0.11069
Honduras,HND,0.53565,3,40,1,0.36359,0.04311,0.11806,0.68521,0.829,0.5375,580.10787,5411.56185,35592.54828,17.59218,142456000.52013,0,0,0,24.354,0,0.00034,26.81645,0.04011,0.01364,0.04673,0.04325,0.8,4445.27105,1.5,0.00155,0.22008,HND,1.29906,0.45858,Honduras,-0.66,-0.66,0.2,0.69655,8097688,0.2,0.33333,7.2,7.2,1.56612,0.275,0.65602,0.72235,0.63586,0.68635,0.00603,0.00396,44.79578,0.0261,0.0261,0.4,0.21771,0.21771,0.25797,0.13477,0.41952,0.32314,217151268.08723,197211068.63131,19940199.45592,0.042,0.24551,0.5796,0.2231,0.2425,0.22587
Hungary,HUN,0.53565,3,40,1,0.22127,0.09189,0.22393,0.85803,0.991,0.65,9366.47741,26041.64552,181808.0766,31.8204,314827845.26812,0,0,0,38.93086,0,0.00002,38.97521,0.10368,0.1211,0.09933,0.09878,0.8,22706.6119,1.5,0.00019,0.08775,HUN,1.16334,0.27493,Hungary,0.16797,0.16797,0.2,0.98072,9893899,0.2,1,100,100,0.64364,0.5,0.81643,0.81736,0.61208,0.80557,0.00172,0.0014,370.67677,0.0825,0.0825,1,0.4125,0.4125,0.91233,0.52571,0.9485,0.72135,385616761.13372,385178028.2539,438732.87983,0.102,0.3833,0.504,0.285,0.35625,0.30664
Ireland,IRL,0.53565,3,40,1,0.31125,0.49514,0.52417,0.91581,1,0.35,17010.59688,51556.39567,357483.01523,3.47796,15990109.80765,0,0,0,4.88723,0,0,4.89106,0.03898,0.04553,0.03734,0.03556,0,44647.23591,1.5,0.00002,0.07227,IRL,1.24915,0.16839,Ireland,0.16797,0.16797,0.2,0.99838,4597558,0.2,0,200,200,0.01778,0.7,0.71108,0.71164,0.69666,0.71113,0.00011,0.00008,619.00314,0.0762,0.0762,0,0.0875,0.0875,0.78696,0.48333,0.8056,0.52854,22486932.69406,22469310.23553,17622.45854,0.131,0.12773,0.13,0.1275,0.1275,0.12773
Italy,ITA,0.53565,3,40,1,0.20461,0.11888,0.17878,0.90496,0.99,0.7,10295.8004,39830.49967,271620.31878,14.79291,891035087.10395,0,0,0,22.7274,0,0.00002,22.83461,0.04794,0.05599,0.04593,0.04766,0.8,33923.55982,1.5,0.00023,0.07456,ITA,1.14745,0.18008,Italy,0.16797,0.16797,0.2,0.99335,60233948,0.2,0.86667,62.59,62.59,2.20001,0.6,0.64783,0.65088,0.40763,0.54584,0.00067,0.00044,259.85536,0.0607,0.0607,1,0.39167,0.39167,0.43236,0.41381,0.65469,0.6434,1375418722.89871,1368960982.43551,6457740.46319,0.122,0.15,0.384,0.0992,0.124,0.12
Jamaica,JAM,0.53565,3,40,1,0.38101,0.29451,0.31051,0.86867,0.991,0.4,2302.50587,10183.74674,68918.81383,2.57203,6982365.58241,0,0,0,5.0216,0,0,5.19216,0.00026,0.00031,0.00025,0.0006,0.6,8607.49856,1.5,0.00001,0.14018,JAM,1.31567,0.25365,Jamaica,0.16797,0.16797,0.2,0.86079,2714734,0.2,0.6,0.5,0.5,1.3553,0.2,0.49537,0.51219,0.40952,0.46557,0.0006,0.0003,4.16975,0.0535,0.0535,0.8,0.25,0.25,0.26652,0.14743,0.44989,0.36057,14095321.04199,13632320.66546,463000.37652,0.15,0.26748,0.5292,0.2037,0.2425,0.22468
Jordan,JOR,0.53565,3,40,1,0.17572,0.01291,0.126,0.88044,0.996,0.4875,4693.05004,13082.66106,91315.85309,4.5527,29410439.75009,0,0,0,9.02791,0,0.00002,9.18743,0.00348,0.00888,0.00213,0.00399,0.6,11404.73886,1.5,0.00022,0.08886,JOR,1.1199,0.23512,Jordan,1.55,1.55,0.2,0.97899,6460000,0.2,0.4,16.64,16.64,0.27666,0.375,0.49554,0.50429,0.42398,0.47112,0.00081,0.0004,90.27102,0.0823,0.0823,0.6,0.22188,0.22188,0.24754,0.20255,0.41449,0.37948,59350810.75735,58320268.44827,1030542.30907,0.126,0.49347,0.5544,0.3894,0.4425,0.43426
Kenya,KEN,0.53565,3,40,1,0.46296,0.10053,0.32159,0.49579,0.438,0.375,654.68822,3217.98197,21661.07445,16.42103,728333125.2004,0,0,0,37.00165,0,0.00035,42.22792,0.01549,0.0254,0.01301,0.01882,0.4,2705.32322,1.5,0.00127,0.2733,KEN,1.39383,0.44643,Kenya,0.64,0.64,0.2,0.77631,44353691,0.2,0.46667,2.1,2.1,0.22024,0.35,0.38887,0.44379,0.42062,0.42595,0.01561,0.00607,15.44862,0.0484,0.0484,0.8,0.21042,0.21042,0.05487,0.07183,0.25374,0.26714,1872964279.66711,1641159896.81724,231804382.84988,0.092,0.51629,0.5292,0.4242,0.505,0.43368
Kyrgyz Republic,KGZ,0.53565,3,40,1,0.52023,0.0019,0.01364,0.81368,0.991,0.3,1194.16813,3588.724,24899.7557,11.41293,65277395.08517,0,0,0,17.9065,0,0.00001,18.07492,0.03234,0.03784,0.03096,0.05226,0.6,3109.81283,1.5,0.00015,0.0986,KGZ,1.44844,0.36365,Kyrgyz Republic,0.17,0.17,0.2,0.97054,5719600,0.2,0.6,3.11,3.11,1.94035,0,0.63142,0.63736,0.38186,0.60653,0.00581,0.00367,21.71335,0.0768,0.0768,0.6,0.225,0.225,0.72176,0.4622,0.78436,0.5832,103381327.77685,102418030.55907,963297.21778,0.08,0.21426,0.5544,0.15136,0.172,0.18855
Lao PDR,LAO,0.53565,3,40,1,0.2473,0.13251,0.23853,0.50755,0.415,0,1778.25656,5389.61093,37370.61799,62.16662,420851074.0754,0,0,0,103.79785,0,0.00071,109.43778,0.16309,0.19048,0.15624,0.18583,0,4667.34006,1.5,0.00274,0.25769,LAO,1.18816,0.3999,Lao PDR,0.16797,0.16797,0.2,0.73337,6769727,0.2,0,6.82,6.82,0.80312,0,0.56805,0.59892,0.59112,0.59892,0.02345,0.01332,42.7977,0.0762,0.0762,0,0,0,0.03728,0.13348,0.03728,0.13348,740863911.39349,702683115.36824,38180796.02525,0.014,0.14142,0.255,0.13,0.13,0.14142
Latvia,LVA,0.53565,3,40,1,0.23937,0.08002,0.16866,0.81758,1,0.35,6811.76207,25587.77291,174809.77399,11.34026,22823931.52091,0,0,0,17.02086,0,0.00004,17.18039,0.06016,0.07026,0.05763,0.05813,0,21832.57074,1.5,0.00029,0.13018,LVA,1.1806,0.36484,Latvia,0.16797,0.16797,0.2,0.90287,2012647,0.2,0,59.74,59.74,1.3988,0.7,0.66007,0.66626,0.48262,0.65359,0.00079,0.00052,250.74322,0.0624,0.0624,0,0.0875,0.0875,0.61632,0.23029,0.64989,0.29764,34578056.83717,34256982.27504,321074.56213,0.111,0.12715,0.305,0.11272,0.11272,0.12715
Liberia,LBR,0.53565,3,40,1,0.47251,0.04496,0.20075,0.67531,0.611,0,273.64556,993.87727,6804.4553,10.5551,45324423.02055,0,0.00001,0.00001,15.02271,0.00001,0.00163,17.69403,0.05526,0.0315,0.0612,0.06371,0,849.83092,1.5,0.00717,0.22801,LBR,1.40294,0.26038,Liberia,-0.43,-0.43,0.2,0.67766,4294077,0.2,0,6.06,6.06,0.05032,0,0.59653,0.70261,0.69283,0.70261,0.02082,0.01242,38.73467,0.0644,0.0644,0,0,0,0.04504,0.12573,0.04504,0.12573,75979546.83762,64508668.33822,11470878.4994,0.037,0.59982,0.63,0.59875,0.59875,0.59982
Lithuania,LTU,0.53565,3,40,1,0.31296,0.13166,0.25531,0.83684,1,0.34167,8601.07231,28436.76005,195924.21019,18.86504,55796913.9149,0,0,0,25.7924,0,0.00002,25.92158,0.08076,0.09432,0.07736,0.08022,0,24469.6225,1.5,0.00022,0.10206,LTU,1.25078,0.32632,Lithuania,0.16797,0.16797,0.2,0.975,2957689,0.2,0,49.75,49.75,1.81406,0.68333,0.72777,0.73142,0.43467,0.72199,0.00106,0.00077,217.6545,0.0703,0.0703,0,0.08542,0.08542,0.8109,0.31471,0.82705,0.37324,76667985.49632,76285909.98924,382075.50708,0.118,0.1528,0.43,0.12725,0.12725,0.1528
Madagascar,MDG,0.53565,3,40,1,0.29407,0.00468,0.0199,0.57122,0.443,0.2,444.80553,1599.58913,10958.4128,20.16668,462318070.51776,0,0.00001,0.00001,30.62543,0.00001,0.0005,34.3121,0.03398,0.02854,0.03534,0.05064,0.4,1368.63241,1.5,0.00139,0.36169,MDG,1.23277,0.30055,Madagascar,-0.16,-0.16,0.2,0.3797,22924851,0.2,0.66667,2.18,2.18,0.95483,0,0.58774,0.65849,0.60023,0.61639,0.02507,0.01473,15.95714,0.065,0.065,0.8,0.21667,0.21667,0.07555,0.10542,0.27585,0.29924,786599824.85756,702083524.67772,84516300.17985,0.036,0.32228,0.5292,0.2562,0.305,0.27071
Malawi,MWI,0.53565,3,40,1,0.25308,0.05032,0.10418,0.7986,0.714,0.3,204.22262,892.67181,6045.0155,4.94196,80863155.18955,0,0.00001,0.00001,8.67788,0,0.0002,9.29673,0.01757,0.01933,0.01713,0.02283,0.6,754.98198,1.5,0.00088,0.22669,MWI,1.19367,0.1168,Malawi,0.1,0.1,0.2,0.59733,16362567,0.2,0.66667,2.84,2.84,0.94025,0,0.53158,0.56949,0.51007,0.51701,0.01231,0.00655,20.07483,0.0541,0.0541,0.8,0.24167,0.24167,0.03189,0.03963,0.26585,0.27172,152118334.90559,141992449.35671,10125885.54888,0.076,0.3247,0.5292,0.2562,0.305,0.27275
Malaysia,MYS,0.53565,3,40,1,0.25059,0.24764,0.42786,0.81284,0.9868,0.75,5127.78732,26954.76748,180869.35176,27.69629,823049589.66835,0,0,0,47.85408,0,0.00003,48.10586,0.10686,0.12481,0.10238,0.10812,0.8,22589.37145,1.5,0.00044,0.07599,MYS,1.1913,0.36113,Malaysia,0.16797,0.16797,0.2,0.9912,29716965,0.2,0.8,34.87,34.87,0.96873,0.7,0.57574,0.57877,0.48463,0.51042,0.00213,0.00123,164.2141,0.0454,0.0454,1,0.3875,0.3875,0.14714,0.05773,0.47762,0.42286,1429560248.94486,1422077884.48952,7482364.45534,0.032,0.12953,0.204,0.0978,0.12225,0.10362
Mali,MLI,0.53565,3,40,1,0.64384,0.02605,0.05731,0.49311,0.587,0.2,633.28319,1828.13839,12724.19947,3.56826,54600213.78202,0,0,0,7.31377,0,0.00047,8.57357,0.07104,0.04333,0.07796,0.09112,0.4,1589.16735,1.5,0.00146,0.32432,MLI,1.56633,0.60079,Mali,-0.39,-0.39,0.2,0.61593,15301650,0.2,0.6,6.97,6.97,3.13779,0,0.41619,0.48788,0.43751,0.44281,0.0054,0.00225,43.58899,0.0797,0.0797,0.6,0.2,0.2,0.02463,0.053,0.21971,0.2424,131189704.45206,111912781.6887,19276922.76336,0.082,0.15226,0.5544,0.11375,0.12926,0.13398
Mexico,MEX,0.53565,3,40,1,0.36826,0.02801,0.09345,0.75926,0.96,0.73333,3958.66752,19373.84915,130437.83717,21.78962,2665576731.06982,0,0,0,36.17506,0,0.00012,36.76929,0.06063,0.07082,0.05809,0.0611,0.8,16290.81282,1.5,0.00111,0.11074,MEX,1.30352,0.44147,Mexico,0.16797,0.16797,0.2,0.95753,122332399,0.2,0.8,39.44,39.44,0.59918,0.66667,0.5926,0.60234,0.48796,0.56953,0.00226,0.00134,181.16571,0.0486,0.0486,0.8,0.38333,0.38333,0.53402,0.25477,0.71265,0.54044,4498075632.10673,4425381385.44508,72694246.66165,0.049,0.39395,0.5292,0.31857,0.37925,0.33092
Moldova,MDA,0.53565,3,40,1,0.2567,0.00716,0.05443,0.77311,0.992,0.325,1919.20052,5171.55593,36199.57674,36.44356,129686829.4829,0,0,0,41.69636,0,0.00014,42.39878,0.0591,0.02837,0.06678,0.06282,0.4,4521.08484,1.5,0.00126,0.11057,MDA,1.19713,0.44579,Moldova,-0.52,-0.52,0.2,0.94617,3558566,0.2,0.6,10.45,10.45,0.62861,0.25,0.85954,0.87402,0.78649,0.85459,0.00938,0.00806,61.26443,0.0849,0.0849,0.6,0.23125,0.23125,0.46588,0.33757,0.58939,0.49075,150878847.2492,148379257.3043,2499589.9449,0.051,0.38683,0.5544,0.33198,0.37725,0.34041
Mongolia,MNG,0.53565,3,40,1,0.20767,0.11909,0.30408,0.80893,0.988,0.56667,3241.96852,10604.89,73120.85759,27.35912,77674545.20013,0,0,0,41.02252,0,0.00002,41.34113,0.03413,0.03987,0.0327,0.04711,0.8,9132.3057,1.5,0.00017,0.11036,MNG,1.15037,0.37013,Mongolia,0.16797,0.16797,0.2,0.90897,2839073,0.2,0.53333,6.34,6.34,1.36241,0.33333,0.66179,0.66693,0.52252,0.60712,0.00453,0.003,40.2444,0.071,0.071,0.4,0.275,0.275,0.32451,0.18659,0.51027,0.41028,117370497.93219,116465941.89277,904556.03942,0.049,0.12911,0.2806,0.1037,0.11272,0.11878
Nepal,NPL,0.53565,3,40,1,0.2702,0.05736,0.12678,0.44923,0.36,0.3,898.44883,2491.37578,17397.17241,52.0877,1447905599.72542,0,0.00001,0.00001,60.63057,0.00001,0.00031,63.94744,0.04597,0.01793,0.05298,0.05838,0.6,2172.79039,1.5,0.00094,0.32472,NPL,1.21,0.46155,Nepal,-0.61,-0.61,0.2,0.6036,27797457,0.2,0.46667,2.33,2.33,0.83955,0,0.81454,0.8591,0.79743,0.83732,0.02943,0.02397,16.90393,0.0827,0.0827,0.6,0.19167,0.19167,0.19572,0.35894,0.34988,0.48181,1777576336.12164,1685375652.61578,92200683.50586,0.027,0.34248,0.5544,0.29366,0.3337,0.30138
Netherlands,NLD,0.53565,3,40,1,0.25252,0.51467,0.6206,0.97303,1,0.99167,18908.88611,51549.22523,360476.94266,1.33712,22469581.59134,0,0,0,1.77532,0,0,1.77556,0.33644,0.39295,0.32231,0.32301,1,45021.15741,1.5,0.00005,0.03727,NLD,1.19314,0.05394,Netherlands,0.16797,0.16797,0.2,0.98215,16804432,0.2,0.66667,4489.59,4489.59,0.01386,0.98333,0.75307,0.75317,0.74278,0.74983,0.00004,0.00003,4489.59,0.084,0.084,1,0.41458,0.41458,0.43785,0.33149,0.67091,0.60864,29837301.16305,29833278.27928,4022.88377,0.067,0.12822,0.104,0.10242,0.12802,0.10258
Niger,NER,0.53565,3,40,1,0.23359,0.00204,0.01811,0.38112,0.293,0.3,397.29071,1009.18934,7100.53752,4.84393,86373462.23096,0,0,0,6.99982,0,0.00012,7.5074,0.02172,0.01325,0.02383,0.04021,0.6,886.80961,1.5,0.00037,0.32553,NER,1.17509,0.53076,Niger,-0.39,-0.39,0.2,0.6933,17831270,0.2,0.73333,2.45,2.45,3.05849,0,0.64522,0.69201,0.587,0.60573,0.00847,0.00546,17.65452,0.0896,0.0896,0.6,0.25833,0.25833,0.05922,0.06196,0.30225,0.30429,133866532.51553,124815665.85695,9050866.65858,0.051,0.15523,0.5544,0.11375,0.12926,0.1366
Nigeria,NGA,0.53565,3,40,1,0.87364,0.08466,0.33686,0.34375,0.381,0.59167,1461.41586,6413.01271,43418.60649,13.16339,2285366501.61558,0,0,0,32.77488,0,0.00071,39.14634,0.03265,0.04962,0.0284,0.03767,0.8,5422.69334,1.5,0.00227,0.31262,NGA,1.78549,0.6935,Nigeria,0.52,0.52,0.2,0.79338,173615345,0.2,0.8,7.04,7.04,0.04724,0.38333,0.33626,0.40163,0.38933,0.38955,0.00722,0.00243,43.95676,0.0539,0.0539,0.8,0.34792,0.34792,0.00432,0.00781,0.35073,0.35301,6796406040.21544,5690222627.68846,1106183412.52697,0.075,0.60158,0.5292,0.50295,0.59875,0.50533
Pakistan,PAK,0.53565,3,40,1,0.37672,0.01097,0.0167,0.48613,0.521,0.5125,2135.72888,5033.66132,35663.03865,46.08284,8393648642.92533,0,0,0,69.04823,0,0.00116,77.38589,0.06557,0.07659,0.06282,0.07859,0.8,4454.07483,1.5,0.00368,0.31431,PAK,1.31158,0.54874,Pakistan,0.16797,0.16797,0.2,0.62194,182142594,0.2,0.73333,7.2,7.2,0.26716,0.225,0.59549,0.6674,0.62249,0.63362,0.01737,0.01035,44.79578,0.0959,0.0959,0.6,0.31146,0.31146,0.06627,0.13756,0.35709,0.40618,14095266088.9001,12576624495.7952,1518641593.10498,0.051,0.49718,0.5544,0.4224,0.48,0.43752
Panama,PAN,0.53565,3,40,1,0.54024,0.10993,0.13441,0.84295,0.935,0.7,3006.94293,22740.00593,150475.58438,20.32848,78552695.88602,0,0,0,40.77613,0,0.00013,42.75895,0.01645,0.01922,0.01576,0.01859,0.8,18793.39333,1.5,0.00138,0.09399,PAN,1.46753,0.24911,Panama,0.16797,0.16797,0.2,0.9161,3864170,0.2,0.66667,14.34,14.34,0.05007,0.6,0.47542,0.49854,0.4746,0.48432,0.00228,0.00108,79.8566,0.032,0.032,0.6,0.34167,0.34167,0.13708,0.19584,0.43191,0.4706,165227870.6164,157565900.25247,7661970.36392,0.041,0.59996,0.5544,0.5269,0.59875,0.52797
Paraguay,PRY,0.53565,3,40,1,0.36827,0.02128,0.14779,0.69584,0.958,0.53333,1590.11402,9393.814,62718.12477,7.09832,48284838.40385,0,0,0,14.19214,0,0.00021,15.13233,0.02578,0.03011,0.0247,0.0275,0.6,7833.074,1.5,0.00112,0.185,PRY,1.30353,0.56632,Paraguay,0.16797,0.16797,0.2,0.80116,6802295,0.2,0.6,20.13,20.13,0.96295,0.46667,0.46908,0.50016,0.41566,0.4554,0.00193,0.00091,105.4281,0.0406,0.0406,0.8,0.28333,0.28333,0.22254,0.18271,0.44282,0.41428,102934600.58024,96539138.10609,6395462.47415,0.052,0.32095,0.5292,0.2562,0.305,0.26959
Peru,PER,0.53565,3,40,1,0.2702,0.01947,0.12963,0.75889,0.867,0.73333,2404.66003,13644.45127,91249.83003,9.26947,281565611.23418,0,0,0,12.10579,0,0.00033,12.57352,0.07048,0.03594,0.07911,0.06889,0.8,11396.49302,1.5,0.00182,0.18042,PER,1.21,0.34922,Peru,-0.49,-0.49,0.2,0.73885,30375603,0.2,0.6,93.09,93.09,1.0945,0.66667,0.73722,0.76571,0.66993,0.70618,0.0011,0.00081,351.58239,0.0422,0.0422,0.6,0.33333,0.33333,0.17809,0.14383,0.45206,0.42922,381928200.77059,367720658.22312,14207542.54747,0.039,0.30079,0.5544,0.25889,0.2942,0.26469
Philippines,PHL,0.53565,3,40,1,0.27366,0.03531,0.22189,0.58064,0.728,0.69167,1863.07074,7442.00285,50652.96599,13.17521,1296356246.28142,0,0,0,17.19081,0,0.00001,17.31905,0.04303,0.03786,0.04432,0.05394,0.8,6326.21642,1.5,0.00006,0.24419,PHL,1.2133,0.56673,Philippines,-0.12,-0.12,0.2,0.7578,98393574,0.2,0.6,8.32,8.32,0.05998,0.58333,0.76074,0.76641,0.75044,0.75817,0.00274,0.00208,50.61475,0.0589,0.0589,0.6,0.32292,0.32292,0.18818,0.2283,0.45033,0.47749,1704083320.51686,1691465313.57836,12618006.93851,0.071,0.12264,0.1144,0.10758,0.12225,0.10793
Poland,POL,0.53565,3,40,1,0.4132,0.14695,0.20182,0.88543,0.999,0.75833,9008.49447,26291.90196,182837.82405,1.7916,69002555.3429,0,0,0,2.69587,0,0,2.7009,0.06353,0.0742,0.06086,0.05782,0.8,22835.22046,1.5,0.00005,0.07775,POL,1.34638,0.22814,Poland,0.16797,0.16797,0.2,0.98532,38514479,0.2,0.53333,200,200,1.33006,0.71667,0.66333,0.66457,0.47767,0.6218,0.00012,0.00008,619.00314,0.0789,0.0789,1,0.32292,0.32292,0.59396,0.48828,0.72508,0.65352,104023912.01539,103830086.24558,193825.76982,0.104,0.1309,0.244,0.09017,0.11272,0.10472
Romania,ROU,0.53565,3,40,1,0.26775,0.05477,0.10829,0.89407,0.985,0.675,8101.02089,20704.88195,145597.15163,37.64544,752206923.97924,0,0,0,50.16842,0,0.00008,50.51739,0.07485,0.08742,0.07171,0.07368,0.8,18184.10973,1.5,0.00104,0.07948,ROU,1.20766,0.19685,Romania,0.16797,0.16797,0.2,0.9405,19981358,0.2,0.66667,50,50,0.39594,0.55,0.7452,0.75038,0.6387,0.7264,0.00278,0.00207,218.49824,0.0891,0.0891,0.8,0.33542,0.33542,0.56318,0.40971,0.7097,0.6077,1009405971.3319,1002433226.7694,6972744.5625,0.073,0.45131,0.5292,0.3612,0.43,0.3791
Rwanda,RWA,0.53565,3,40,1,0.71258,0.17842,0.17837,0.75303,0.69,0.475,368.0025,1690.95723,11420.67837,17.2913,203631339.53359,0,0.00001,0.00001,24.40182,0.00001,0.0007,29.67263,0.03264,0.00718,0.039,0.03911,0.6,1426.36629,1.5,0.00231,0.30183,RWA,1.63188,0.18394,Rwanda,-0.78,-0.78,0.2,0.34747,11776522,0.2,0.6,2.2,2.2,0.04037,0.35,0.58274,0.70861,0.69287,0.69441,0.0208,0.01212,16.08354,0.0516,0.0516,0.8,0.26875,0.26875,0.03712,0.02285,0.29589,0.28546,349440418.395,287368563.71269,62071854.6823,0.006,0.60555,0.5292,0.50846,0.60531,0.50866
Senegal,SEN,0.53565,3,40,1,0.22621,0.02342,0.04645,0.64089,0.651,0.575,655.36332,2548.75568,17375.44839,23.18806,327723286.32419,0,0,0,28.38846,0,0.00035,30.12388,0.02308,0.01731,0.02453,0.02929,0.8,2170.07721,1.5,0.00125,0.28281,SEN,1.16805,0.36922,Senegal,-0.25,-0.25,0.2,0.61367,14133280,0.2,0.8,5.17,5.17,0.02014,0.35,0.76976,0.81681,0.75536,0.78371,0.01388,0.01069,33.82011,0.0604,0.0604,0.8,0.34375,0.34375,0.11368,0.21772,0.41835,0.48663,425749173.61105,401221999.47949,24527174.13156,0.103,0.61756,0.5292,0.51828,0.617,0.51875
Serbia,SRB,0.53565,3,40,1,0.22012,0.01452,0.0431,0.80899,0.997,0.48333,5395.5097,14766.74295,103228.08025,106.10616,760158565.90465,0,0,0,145.77079,0,0.00045,149.09699,0.10679,0.12472,0.1023,0.10956,0.6,12892.4963,1.5,0.00323,0.14028,SRB,1.16224,0.37901,Serbia,0.16797,0.16797,0.2,0.99218,7164132,0.2,0.6,20.46,20.46,0.62908,0.36667,0.71166,0.7279,0.6089,0.68779,0.01156,0.00823,106.82643,0.0837,0.0837,0.4,0.27083,0.27083,0.36373,0.29082,0.53605,0.48289,1068150516.26535,1044321182.43919,23829333.82616,0.222,0.38672,0.5796,0.33086,0.35963,0.35578
Sierra Leone,SLE,0.53565,3,40,1,0.40687,0.04348,0.21322,0.49189,0.597,0.3,583.66026,1722.39562,11967.40311,33.54859,204380556.588,0,0.00001,0.00001,60.87428,0.00001,0.00107,71.13861,0.03665,0.06193,0.03033,0.05148,0.6,1494.64855,1.5,0.00303,0.3542,SLE,1.34033,0.61323,Sierra Leone,0.69,0.69,0.2,0.47752,6092075,0.2,0.73333,1.82,1.82,0.04415,0,0.47159,0.55111,0.53096,0.53338,0.0476,0.02245,13.64456,0.0781,0.0781,0.8,0.25833,0.25833,0.0241,0.03957,0.27621,0.28768,433381723.2612,370850705.35318,62531017.90802,0.032,0.60336,0.5292,0.50295,0.59875,0.50682
Slovak Republic,SVK,0.53565,3,40,1,0.3059,0.29756,0.41714,0.88529,0.992,0.38333,11114.94923,29419.84099,206246.94219,48.78198,264076009.05598,0,0,0,72.02657,0,0.00038,73.18248,0.15314,0.17886,0.14671,0.14761,0,25758.86263,1.5,0.00417,0.09239,SVK,1.24405,0.22142,Slovak Republic,0.16797,0.16797,0.2,0.97953,5413393,0.2,0,100,100,0.6256,0.76667,0.66658,0.67728,0.58332,0.66623,0.00284,0.00189,370.67677,0.0863,0.0863,0,0.09583,0.09583,0.4304,0.38946,0.48499,0.44797,396165499.51926,389908135.79436,6257363.7249,0.142,0.38755,0.63,0.35963,0.35963,0.38755
Slovenia,SVN,0.53565,3,40,1,0.22134,0.20022,0.35239,0.93896,0.999,0.71667,13314.61569,30881.56111,219132.41565,69.22794,142606303.98338,0,0,0,87.43154,0,0.00007,87.82638,0.10987,0.12833,0.10526,0.10942,0.8,27368.17203,1.5,0.0012,0.05826,SVN,1.1634,0.12109,Slovenia,0.16797,0.16797,0.2,0.98825,2059953,0.2,0,56.56,56.56,0.71102,0.63333,0.78824,0.7918,0.63337,0.77318,0.00321,0.00253,240.40672,0.0973,0.0973,1,0.17917,0.17917,0.62541,0.33581,0.69252,0.45481,180918220.76383,180104864.73658,813356.02725,0.102,0.3682,0.504,0.26704,0.3338,0.29456
South Africa,ZAF,0.53565,3,40,1,0.41222,0.13653,0.27751,0.92047,0.912,0.29167,1525.63839,15186.32906,99718.64175,2.88455,153335624.31053,0,0,0,5.71647,0,0.00039,6.27626,0.01779,0.02078,0.01704,0.01739,0,12454.19092,1.5,0.00207,0.18622,ZAF,1.34544,0.07106,South Africa,0.16797,0.16797,0.2,0.76986,53157490,0.2,0,100,100,0.1306,0.58333,0.4596,0.5046,0.45882,0.50167,0.0005,0.00023,370.67677,0.0245,0.0245,0,0.07292,0.07292,0.73274,0.09087,0.75222,0.15716,333630254.35993,303873342.7305,29756911.62943,0.249,0.55723,0.63,0.555,0.555,0.55723
Spain,ESP,0.53565,3,40,1,0.183,0.26911,0.40781,0.88602,1,0.30833,8570.1554,37460.76708,253677.68332,8.62262,401967863.71471,0,0,0,11.66643,0,0.00001,11.6883,0.04584,0.05354,0.04392,0.04469,0,31682.64474,1.5,0.00004,0.13617,ESP,1.12684,0.22795,Spain,0.16797,0.16797,0.2,0.97147,46617825,0.2,0,98.21,98.21,0.00849,0.61667,0.73771,0.7391,0.724,0.73822,0.00037,0.00027,365.79961,0.0541,0.0541,0,0.07708,0.07708,0.5252,0.42843,0.5618,0.47248,544883023.19872,543863518.77525,1019504.42347,0.266,0.11007,0.111,0.11,0.11,0.11007
Sri Lanka,LKA,0.53565,3,40,1,0.33796,0.21014,0.32753,0.76031,0.986,0.48333,3638.33463,10872.58807,75470.31639,113.36156,2321984845.61086,0,0,0,168.26917,0,0.00031,173.63834,0.05256,0.06139,0.05036,0.06235,0.6,9425.73738,1.5,0.00298,0.10531,LKA,1.27462,0.46538,Sri Lanka,0.16797,0.16797,0.2,0.96575,20483000,0.2,0.66667,6.42,6.42,0.03852,0.36667,0.65286,0.67369,0.64306,0.65124,0.01842,0.01203,40.6721,0.0772,0.0772,0.8,0.2875,0.2875,0.08488,0.081,0.34798,0.34521,3556634195.25725,3446657308.23749,109976887.01976,0.042,0.60663,0.5292,0.50757,0.60425,0.50957
Sweden,SWE,0.53565,3,40,1,0.35737,0.5882,0.67114,0.91839,1,0.9,20725.27533,49244.29916,348621.51939,8.43125,80943150.55753,0,0,0,11.83971,0,0,11.84319,0.03522,0.04113,0.03374,0.03405,0.8,43540.49439,1.5,0.00001,0.06894,SWE,1.29313,0.16322,Sweden,0.16797,0.16797,0.2,0.95579,9600379,0.2,0.73333,53.62,53.62,0.01365,1,0.71191,0.71212,0.70103,0.70881,0.00027,0.00019,230.69751,0.0952,0.0952,0.8,0.40833,0.40833,0.45691,0.34784,0.67867,0.61414,113699130.58188,113665714.13765,33416.44422,0.081,0.12825,0.1092,0.10754,0.12802,0.10773
Syrian Arab Republic,SYR,0.53565,3,40,1,0.27075,0.04674,0.05367,0.71131,0.962,0.3,1904.40673,5723.13897,39709.03365,32.26268,737058767.64926,0,0,0,50.02785,0,0.00039,52.52877,0.04604,0.05377,0.0441,0.05529,0.6,4959.39252,1.5,0.00252,0.15502,SYR,1.21052,0.53938,Syrian Arab Republic,0.16797,0.16797,0.2,0.93164,22845550,0.2,0.66667,9.03,9.03,0.5632,0,0.61419,0.64489,0.59028,0.60133,0.01059,0.00651,54.22404,0.0768,0.0768,0.6,0.24167,0.24167,0.04491,0.12255,0.27572,0.3346,1200048736.81173,1142913744.75852,57134992.05321,0.108,0.40302,0.5544,0.3344,0.38,0.35466
Tanzania,TZA,0.53565,3,40,1,0.4132,0.03991,0.17232,0.57842,0.489,0.3,873.75767,2737.43903,18933.7829,14.16271,697557704.98209,0,0,0,23.21223,0,0.00018,25.72871,0.01672,0.01504,0.01713,0.01994,0.6,2364.70276,1.5,0.00068,0.26335,TZA,1.34638,0.33216,Tanzania,-0.1,-0.1,0.2,0.66653,49253126,0.2,0.66667,1.97,1.97,0.93086,0,0.55046,0.61014,0.55871,0.56725,0.01088,0.00599,14.61616,0.0739,0.0739,0.6,0.24167,0.24167,0.04671,0.05576,0.27709,0.28395,1267219464.30457,1143274660.59991,123944803.70467,0.035,0.32628,0.5544,0.2684,0.305,0.28713
Thailand,THA,0.53565,3,40,1,0.24034,0.35082,0.47387,0.94166,0.996,0.825,4708.95228,16237.52627,111549.7045,88.83195,5952673503.46535,0,0,0,138.91193,0,0.00007,139.44145,0.16026,0.18718,0.15353,0.17033,1,13931.81147,1.5,0.00171,0.04298,THA,1.18152,0.11268,Thailand,0.16797,0.16797,0.2,0.93639,67010502,0.2,0.66667,22.49,22.49,1.50628,0.65,0.63706,0.63948,0.46719,0.54966,0.01001,0.00638,115.37085,0.0676,0.0676,0.6,0.37292,0.37292,0.29255,0.51148,0.55637,0.69366,9344041462.25405,9308557981.44941,35483480.80464,0.007,0.25137,0.5544,0.19175,0.2179,0.2212
Turkey,TUR,0.53565,3,40,1,0.41217,0.02106,0.05569,0.90009,0.95,0.66667,5384.46907,21862.80112,148663.96911,18.96274,1420928174.25719,0,0,0,33.53401,0,0.00007,34.38186,0.02762,0.03226,0.02646,0.02905,0.8,18567.13471,1.5,0.00071,0.09989,TUR,1.34539,0.14982,Turkey,0.16797,0.16797,0.2,0.90025,74932641,0.2,0.8,18.17,18.17,0.94261,0.53333,0.55153,0.56548,0.45551,0.50931,0.00185,0.00102,96.9941,0.058,0.058,0.6,0.36667,0.36667,0.29143,0.20395,0.55124,0.49584,2576323838.59303,2512792216.87252,63531621.72051,0.1,0.32431,0.5544,0.2652,0.30136,0.28539
Uganda,UGA,0.53565,3,40,1,0.57357,0.08637,0.21654,0.59503,0.574,0.16667,470.7776,1908.02677,12975.69085,1.2308,46252081.5194,0,0,0,3.15035,0,0.00005,3.78739,0.0027,0.00446,0.00226,0.00553,0,1620.57694,1.5,0.00013,0.3982,UGA,1.49932,0.38395,Uganda,0.65,0.65,0.2,0.24838,37578876,0.2,0,1.5,1.5,1.30479,0.33333,0.32497,0.39069,0.28977,0.38505,0.00234,0.00076,11.50925,0.0581,0.0581,0,0.04167,0.04167,0.48205,0.11868,0.50363,0.1554,142325937.53544,118386584.10339,23939353.43205,0.038,0.27334,0.63,0.23,0.23,0.27334
Ukraine,UKR,0.53565,3,40,1,0.24585,0.01426,0.08083,0.78096,0.99,0.03333,4343.34155,9549.1831,68122.26374,54.72594,2489461056.71552,0,0,0,73.81995,0,0.00019,75.88388,0.03696,0.04317,0.03541,0.03942,0,8508.01479,1.5,0.00192,0.1015,UKR,1.18678,0.42808,Ukraine,0.16797,0.16797,0.2,0.99354,45489600,0.2,0,9.34,9.34,0.54403,0.06667,0.72118,0.74134,0.6402,0.74034,0.00892,0.00643,55.77555,0.1021,0.1021,0,0.00833,0.00833,0.49458,0.30079,0.49879,0.30662,3451927235.1987,3358039985.80579,93887249.3929,0.079,0.40802,0.63,0.37725,0.37725,0.40802
United Kingdom,GBR,0.53565,3,40,1,0.30313,0.41194,0.49589,0.95356,1,0.88333,10654.73031,43500.6602,295704.19072,2.29728,147271415.14704,0,0,0,3.36079,0,0,3.36115,0.04278,0.04997,0.04099,0.0397,0.8,36931.47423,1.5,0,0.04102,GBR,1.2414,0.09289,United Kingdom,0.16797,0.16797,0.2,0.99838,64106779,0.2,0.8,225.69,225.69,0.01434,0.96667,0.68348,0.68356,0.67083,0.68129,0.00009,0.00006,672.0497,0.0577,0.0577,1,0.42083,0.42083,0.6841,0.41424,0.81704,0.66075,215472377.71939,215449163.32597,23214.39342,0.075,0.12816,0.104,0.10242,0.12802,0.10253
United States,USA,0.53565,3,40,1,0.31874,0.33614,0.62094,0.93742,0.993,0.89167,12065.01459,61159.35589,411074.77196,1.47236,465455177.07477,0,0,0,2.34165,0,0,2.34338,0.03833,0.04477,0.03672,0.03696,0.8,51340.48763,1.5,0.00003,0.04607,USA,1.25629,0.11817,United States,0.16797,0.16797,0.2,0.99838,316128839,0.2,0.73333,460.2,460.2,0.88898,0.98333,0.62831,0.62877,0.47707,0.59187,0.00005,0.00003,1115.41335,0.047,0.047,0.8,0.40625,0.40625,0.63,0.09,0.78031,0.45969,740810056.87945,740261772.85605,548284.02341,0.074,0.13499,0.2142,0.10733,0.12778,0.11339
Uruguay,URY,0.53565,3,40,1,0.29189,0.01662,0.0838,0.91254,0.995,0.58333,4959.56102,22467.38041,151856.14838,7.06996,24087803.35145,0,0,0,12.21897,0,0.00004,12.42669,0.01839,0.02147,0.01761,0.01754,0.6,18965.81654,1.5,0.00064,0.06868,URY,1.23068,0.16993,Uruguay,0.16797,0.16797,0.2,0.94744,3407062,0.2,0.66667,46.9,46.9,0.93556,0.56667,0.56893,0.57861,0.47457,0.52274,0.00066,0.00037,207.91212,0.0523,0.0523,0.6,0.3125,0.3125,0.23174,0.21152,0.47182,0.45792,42338498.76551,41630779.47369,707719.29183,0.066,0.32549,0.5544,0.2684,0.305,0.28643
Vietnam,VNM,0.53565,3,40,1,0.2697,0.03995,0.10271,0.71745,0.929,0.59167,1801.29814,5955.42987,41031.8507,22.32059,2002355725.08543,0,0,0,31.04529,0,0.00003,31.15915,0.20151,0.23535,0.19305,0.2109,0.8,5124.60352,1.5,0.00028,0.11919,VNM,1.20953,0.49409,Vietnam,0.16797,0.16797,0.2,0.94498,89708900,0.2,0.53333,17.58,17.58,0.0365,0.38333,0.71634,0.71897,0.70714,0.71398,0.00608,0.00436,94.41543,0.0703,0.0703,0.8,0.28125,0.28125,0.2442,0.24757,0.45677,0.45919,2795253475.43933,2785038600.17873,10214875.2606,0.02,0.12542,0.1092,0.105,0.125,0.10535
"Yemen, Rep.",YEM,0.53565,3,40,1,0.21913,0,0.01688,0.30822,0.357,0.1,1502.25562,4414.79202,30684.4685,4.99011,121795471.3101,0,0,0,6.57833,0,0.00004,6.88464,0.01509,0.01762,0.01445,0.01983,0.2,3832.28474,1.5,0.0001,0.4236,YEM,1.1613,0.74057,"Yemen, Rep.",0.16797,0.16797,0.2,0.59498,24407381,0.2,0.26667,6.43,6.43,0,0,0.72482,0.75857,0.75265,0.75584,0.0018,0.0013,40.72545,0.0784,0.0784,0.2,0.09167,0.09167,0.10971,0.07833,0.19132,0.16281,168035964.74355,160559716.20062,7476248.54293,0.174,0.13,0.1248,0.1248,0.13,0.1248
Zambia,ZMB,0.53565,3,40,1,0.42575,0.02737,0.17679,0.59345,0.465,0.56667,680.11774,4579.39611,30422.29029,5.27419,76679619.97066,0,0,0,14.7474,0,0.00035,17.1021,0.01629,0.02737,0.01352,0.01859,0.8,3799.54044,1.5,0.00106,0.32822,ZMB,1.35834,0.27809,Zambia,0.68,0.68,0.2,0.55489,14538640,0.2,0.86667,6.53,6.53,0.92239,0.33333,0.30839,0.35764,0.28643,0.3067,0.0045,0.00139,41.25882,0.0358,0.0358,0.8,0.35833,0.35833,0.14486,0.10681,0.45129,0.42687,248641272.78063,214407162.56491,34234110.21572,0.133,0.32772,0.5292,0.2562,0.305,0.27528
