<?xml version="1.0" encoding="UTF-8"?>
<metadata xml:lang="en"><Esri><CreaDate>20160419</CreaDate><CreaTime>14011600</CreaTime><ArcGISFormat>1.0</ArcGISFormat><SyncOnce>TRUE</SyncOnce><DataProperties><lineage><Process ToolSource="c:\program files (x86)\arcgis\desktop10.3\ArcToolbox\Toolboxes\Data Management Tools.tbx\DefineProjection" Date="20160419" Time="140043">DefineProjection "WB-Country Polys" PROJCS['Sphere_Winkel_Tripel_NGS',GEOGCS['GCS_Sphere',DATUM['D_Sphere',SPHEROID['Sphere',6371000.0,0.0]],PRIMEM['Greenwich',0.0],UNIT['Degree',0.0174532925199433]],PROJECTION['Winkel_Tripel'],PARAMETER['False_Easting',0.0],PARAMETER['False_Northing',0.0],PARAMETER['Central_Meridian',0.0],PARAMETER['Standard_Parallel_1',50.467],UNIT['Meter',1.0]]</Process></lineage></DataProperties></Esri></metadata>
