<?xml version="1.0" encoding="UTF-8"?>
<metadata xml:lang="en"><Esri><CreaDate>20160419</CreaDate><CreaTime>14484400</CreaTime><ArcGISFormat>1.0</ArcGISFormat><SyncOnce>TRUE</SyncOnce><DataProperties><lineage><Process ToolSource="c:\program files (x86)\arcgis\desktop10.3\ArcToolbox\Toolboxes\Data Management Tools.tbx\DefineProjection" Date="20160419" Time="144700">DefineProjection "WB-Disp. Bdies" PROJCS['Sphere_Winkel_Tripel_NGS',GEOGCS['GCS_Sphere',DATUM['D_Sphere',SPHEROID['Sphere',6371000.0,0.0]],PRIMEM['Greenwich',0.0],UNIT['Degree',0.0174532925199433]],PROJECTION['Winkel_Tripel'],PARAMETER['False_Easting',0.0],PARAMETER['False_Northing',0.0],PARAMETER['Central_Meridian',0.0],PARAMETER['Standard_Parallel_1',50.467],UNIT['Meter',1.0]]</Process><Process ToolSource="c:\program files (x86)\arcgis\desktop10.3\ArcToolbox\Toolboxes\Data Management Tools.tbx\Project" Date="20160419" Time="144844">Project "WB-Disp. Bdies" "C:\Users\wb278875\Desktop\WB SHP WGS84\WB_DispBdies.shp" GEOGCS['GCS_WGS_1984',DATUM['D_WGS_1984',SPHEROID['WGS_1984',6378137.0,298.257223563]],PRIMEM['Greenwich',0.0],UNIT['Degree',0.0174532925199433]] # PROJCS['Sphere_Winkel_Tripel_NGS',GEOGCS['GCS_Sphere',DATUM['D_Sphere',SPHEROID['Sphere',6371000.0,0.0]],PRIMEM['Greenwich',0.0],UNIT['Degree',0.0174532925199433]],PROJECTION['Winkel_Tripel'],PARAMETER['False_Easting',0.0],PARAMETER['False_Northing',0.0],PARAMETER['Central_Meridian',0.0],PARAMETER['Standard_Parallel_1',50.467],UNIT['Meter',1.0]] NO_PRESERVE_SHAPE #</Process></lineage></DataProperties></Esri></metadata>
